TC,io,rice,barley,bean,potato,vegi,fruit,flower,misscrop,dairy,meat,pork,poultry,misslstock
cub,14,0,0,0,0,0,0,0,0,0.338391032,0.001371964,0,0,0
cub,15,0,0,0,0,0,0,0,0,0.661608968,0.998628036,0,0,0
cub,16,0,0,0,0,0,0,0,0,0,0,1,0,0
cub,17,0,0,0,0,0,0,0,0,0,0,0,1,0
cub,18,0,0,0,0,0,0,0,0,0,0,0,0,1
energy,26,0,0,0,0,0,0,0,0,0,0,0,0,0
energy,27,0,0,0,0,0,0,0,0,0,0,0,0,0
energy,28,0,0,0,0,0,0,0,0,0,0,0,0,0
energy,29,0,0,0,0,0,0,0,0,0,0,0,0,0
energy,99,0,0,0,0,0,0,0,0,0,0,0,0,0
energy,100,0,0,0,0,0.159810393,0.019743505,0.121590971,0,0,0,0.379042395,0.015029885,0.31817279
energy,101,0,0,0,0,0,0,0,0,0,0,0,0,0
energy,102,0.080526228,0.053773863,0.088227783,0.087472006,0.021678565,0.022489048,0.001506699,0.098115331,0.001052035,0.000821908,0.002628271,0.000283583,0.046077458
energy,103,0,0,0,0,0,0,0,0,0,0,0,0,0
energy,104,0.01200693,0.00756607,0.007277835,0.007640627,0.564295267,0.000414882,0.005568658,0.118818565,0.080278385,0.221093137,0.046908925,0.011626892,0.004568024
energy,105,0.610009122,0.726327678,0.754596527,0.757475958,0.215509174,0.617637369,0.731371935,0.66649789,0.095897062,0.076362685,0.124442921,0.249181973,0.43694141
energy,106,0.024715071,0.01579371,0,0,0.005052117,0.126246171,0.078745213,0.002025316,0,0.000784548,0,0.004013786,0.003574975
energy,107,0.009996948,0.023466233,0.002298264,0.002371229,0.002409526,0.003160425,0.00179707,0.009901547,0.04653233,0.010460642,0.017997943,0.016229658,0.032571996
energy,108,0.000241709,0.000155975,0,0,0,0,0,0,0,0,0,0,0
energy,109,0.003631213,0.001811321,0.001149132,0.001185615,5.38E-05,0.001964589,6.13E-05,0.000562588,0.009872947,0.107595173,0.009513198,0.000741678,0.055610725
energy,110,6.30E-05,2.52E-05,0,0,0,8.54E-05,0,0,0.000323703,0.00332499,8.57E-05,0,0.001986097
energy,274,0.00710984,0.004811143,0.004341164,0.004215518,0.000903572,0.0060646,0.001467983,0.002587904,0.022416444,0.016849105,0.012198606,0.020505214,0.002581927
energy,275,0.191906162,0.127047935,0.114913177,0.112765117,0.024131118,0.163219485,0.039383899,0.066610408,0.600064741,0.453506183,0.327905382,0.551306662,0.067130089
energy,276,0.041428308,0.027454667,0.024897855,0.024502701,0.005224226,0.03528938,0.008520757,0.014345992,0.129804969,0.098068517,0.07093475,0.119301078,0.01449851
energy,277,3.90E-05,2.52E-05,0,0,0,0,0,0,0,0,0,0,0
energy,278,0.003865781,0.00272977,0.002298264,0.002371229,0.000480471,0.003270247,0.000787226,0.001293952,0.012057943,0.009040983,0.006599246,0.010994285,0.001390268
energy,279,0.014460709,0.00901132,0,0,0.000451786,0.000414882,0.009198287,0.019240506,0.001699442,0.002092128,0.001742658,0.000785306,0.01489573
energy,280,0,0,0,0,0,0,0,0,0,0,0,0,0
facil,289,0.832970947,0.842410865,0.814141414,0.868763557,0.982073643,0.973756754,0.990174488,0.370649751,0.921999133,0.851360782,0.61497489,0.753546779,0.439524395
facil,295,0,0,0,0,0,0,0,0,0,0,0,0,0
facil,342,0.167029053,0.157589135,0.185858586,0.131236443,0.017926357,0.026243246,0.009825512,0.629350249,0.078000867,0.148639218,0.38502511,0.246453221,0.560475605
feed,1,0,0,0,0,0,0,0,0,0.137113774,0.099768918,0.037796335,0.003628127,0.087280043
feed,2,0,0,0,0,0,0,0,0,0.00282719,0.003903417,0.000204226,0.000108005,0.000916344
feed,3,0,0,0,0,0,0,0,0,0.003990911,0.003213983,0.001425116,0.00032593,0.005153574
feed,4,0,0,0,0,0,0,0,0,0,0.000625358,0.009932488,0,0.000606303
feed,5,0,0,0,0,0,0,0,0,0,0,0.000235857,7.81E-05,0
feed,6,0,0,0,0,0,0,0,0,0,0,0,0,0
feed,7,0,0,0,0,0,0,0,0,0,0,0,0,0
feed,8,0,0,0,0,0,0,0,0,0,0,0,0,0
feed,9,0,0,0,0,0,0,0,0,0,0,0,0,0
feed,10,0,0,0,0,0,0,0,0,0,0,0,0,0
feed,11,0,0,0,0,0,0,0,0,0,0,0,0,0
feed,12,0,0,0,0,0,0,0,0,0,0,0,0,0
feed,13,0,0,0,0,0,0,0,0,0.019052743,0.013501161,0.002367514,0.000592879,0.031968693
feed,55,0,0,0,0,0,0,0,0,0.837015382,0.878987164,0.948038463,0.995266928,0.874075044
fert,123,1,1,1,1,1,1,1,1,0,0,0,0,0
kcost,389,1,1,1,1,1,1,1,1,1,1,1,1,1
lcost,387,1,1,1,1,1,1,1,1,1,1,1,1,1
lmach,201,0.76297984,0.786381842,0.766052763,0.875534811,0.690322873,0.730924032,0.881576692,0.882905983,0.865117339,0.805931384,0.605198607,0.695229523,0.983285917
lmach,262,0.176470588,0.213618158,0.233947237,0.124465189,0.293488119,0.252054335,0.112082262,0.059096459,0.123148781,0.145687364,0.344951733,0.278487849,0.016714083
lmach,345,0.060549572,0,0,0,0.016189008,0.017021633,0.006341045,0.057997558,0.01173388,0.048381252,0.04984966,0.026282628,0
med,365,0,0,0,0,0,0,0,0,0.091886686,0.015667822,0.003504018,0.029490208,0.132453568
med,366,0,0,0,0,0,0,0,0,0.318353262,0.206629091,0.085684919,0.628362417,0.287390029
med,367,0,0,0,0,0,0,0,0,0.589760051,0.777703087,0.910811063,0.342147375,0.580156403
oinput,14,0.017910965,0.036573186,0,0,0.00602707,0.003412228,0,0.000200248,0,0,0,0,0
oinput,15,0.07800455,0.095277837,0,0,0.063805986,0.028175661,0,0.083904041,0,0,0,0,0
oinput,16,0.031964184,0.170112201,0,0,0.010057641,0.021851476,0,0.100751599,0,0,0,0,0
oinput,17,0.012583601,0.069770385,0,0,0.093148883,0.04537367,0,0.036752239,0,0,0,0,0
oinput,18,0.024669675,0.089838748,0,0,0.01175697,0.005158459,0,0.14317754,0,0,0,0,0
oinput,19,0,0,0,0,0,0,0,0,0,0,0,0,0
oinput,20,0,0,0,0,0.017643995,0,0.000809983,0.000787643,0,0,0,0,0.004354081
oinput,21,0,0,0,0,0,0,0,0,0,0,0,0,0
oinput,22,0.033586887,0.050264686,0.085670798,0.02539887,0.013449468,0.044174906,0.004913305,0.052158009,0.092027785,0.089877248,0.002938069,0,0.072484895
oinput,23,0,0,0,0,0,0,0,0,0,0,0,0,0
oinput,24,0,0,0,0,0,0,0,0,0,0,0,0,0
oinput,30,0,0,0,0,0,0,0,0,0,0,0,0,0
oinput,31,0,0,0,0,0,0,0,0,0,0,0,0,0
oinput,32,0,0,0,0,0,0,0,0,0,0,0,0,0
oinput,33,0,0,0,0,0,0,0,0,0,0,0,0,0
oinput,34,0,0,0,0,0,0,0.000792181,0.003484321,0.00227425,0.000222666,0,0,0
oinput,35,0,0,0,0,0,0,0,0,0,0,0,0,0
oinput,36,0,0,0,0,0,0,0,0,0,0,0,0,0
oinput,37,0,0,0,0,0,0,0,0,0,0,0,0,0
oinput,38,0,0,0,0,0,0,0,0,0.079246148,0,0.020294813,0,0
oinput,39,0,0,0,0,0,0,0,0,0.053400797,0,0,0,0
oinput,40,0,0,0,0,0,0,0,0,0,0,0,0,0
oinput,41,0,0,0,0,0,0,0,0,0,0,0,0,0
oinput,42,0.003946768,0.001194661,0,0.155970523,0.002522523,0.002647663,0,0.009838867,0,0.02272338,0.042441012,0.003421781,0
oinput,43,0,0,0,0,0,0,0,0,0,0,0,0,0.021808766
oinput,44,0,0,0,0,0,0,0,0,0,0,0,0,0
oinput,45,0,0,0,0,0,0,0,0,0.00220373,0,0,0,0.053265561
oinput,46,0,0,0,0,0,0,0,0,0,0,0,0,0.018854896
oinput,47,0.00179128,0.000183053,0.003913894,0,0.000442338,0.001623522,0.001317335,0.000507296,0.000916752,0.001570083,0.003119183,0.001639176,0.000556248
oinput,48,0,0,0,0,0,0,0,0,0,0,0,0,0
oinput,49,0,0,0,0,0,0,0,0,0.016483904,0.002552098,0,0,0
oinput,50,0,0,0,0,0,0,0,0.077522795,0,0.008044533,0.161473059,0,0.0725808
oinput,51,0.000372883,0.000240859,0,0,0,0,0,0,0,0,0,0,0
oinput,52,0.001043915,0.001240941,0.002174386,0.000500823,0.000252765,0.000943908,0.000720974,0.000360447,0.000511265,0.000896375,0.001780953,0.000963016,0.000326077
oinput,53,0,0,0,0,0,0,0,0,0,0,0,0,0
oinput,54,0,0,0,0,0,0,0,0,0,0,0,0,0
oinput,55,0,0,0,0,0,0,0,0,0,0,0,0,0
oinput,56,0,0,0,0,0,0,0,0,0,0,0,0,0
oinput,57,0,0,0,0,0,0,0,0,0,0,0,0,0
oinput,58,0,0,0,0,0,0,0,0,0,0,0,0,0
oinput,59,0,0,0,0,0,0,0,0,0,0,0,0,0
oinput,60,0.002408523,0.003063816,0.005653403,0.001001646,0.000596046,0.002208745,0.00175348,0.000814343,0.00116357,0.002112475,0.004195804,0.002212888,0.000728877
oinput,61,0,0,0,0,0,0,0,0,0,0,0,0,0
oinput,62,0,0,0,0,0,0,0,0,0,0,0,0,0
oinput,63,0,0,0,0,0,0,0,0,0,0,0,0,0
oinput,64,0.000954581,0.000616599,0,0,0,0,0,0,0,0,0,0,0
oinput,65,0,0,0,0,0,0,0,0,0,0,0,0,0
oinput,66,0,0,0,0,0,0,0,0,0,0,0,0,0
oinput,67,0,0,0,0,0,0,0,0,0,0,0,0,0
oinput,68,0,0,0,0,0,0,0,0,0,0,0,0,0
oinput,69,0,0,0,0,0,0,0,0,0,0,0,0,0
oinput,70,0.223979779,0.135393453,0.202652751,0,0.056359677,0.018038087,0.005144729,0.186337725,0.00227425,0.005760776,0.027760728,0.042475156,0.018202743
oinput,71,0.005886125,0.022881686,0,0,0.005871654,0.00412016,0.001468651,0.010372862,0.002767885,0.002101056,0.001650148,0.00135232,0
oinput,72,0.000673575,0,0,0,0.081948679,0,0,0,0,0,0,0,0
oinput,73,0.004696505,0.001016425,0,0,0.001820588,0,0.000240325,0.035070154,0.001604316,0.000525264,0,0.001147423,0.013081423
oinput,74,0,0,0,0,0,0,0,0,0,0,0,0,0
oinput,75,0,0,0,0,0,0,0,0,0,0,0,0,0
oinput,76,0,0,0,0,0,0,0,0,0,0,0,0,0
oinput,77,0.012889772,0.069395275,0,0,0,0,0.00087229,0.007515986,0,0.000713674,0.006711274,0.007560701,0
oinput,78,0,0,0,0,0,0,0,0,0,0,0,0,0
oinput,79,0,0,0,0,0,0,0,0,0,0,0,0,0
oinput,80,0.002270943,0.002683889,0.005001087,0.001073192,0.000561889,0.002090757,0.00165557,0.000814343,0.00109305,0.001981159,0.003954319,0.00204897,0.0043349
oinput,81,0.004424161,0,0,0,0.000896631,0,0,0,0,0,0,0,0
oinput,82,0,0,0,0,0,0,0,0,0,0,0,0,0
oinput,83,0.00247998,0,0,0,0.000580675,0.007381363,0,0.014791675,0.017365396,0.000451042,0.018252251,0.007253355,0.005869378
oinput,84,0,0,0,0,0.000604586,0,0,0,0.003543599,0.000125607,0.004678774,0.003708636,0
oinput,85,0,0,0,0,0,0,0,0,0,0,0,0,0
oinput,86,0,0,0,0,0,0,0,0,0,0,0,0,0
oinput,87,0,0,0,0,0.008705008,0.011459046,0,0.036818989,0,0.000353982,0.00641948,0.001065465,0.248201784
oinput,89,0,0,0,0,0,0,0,0,0,0,0,0,0
oinput,90,0.000141696,9.15E-05,0,0,0,0,0.000178018,0,0.000440746,0.000256923,0.001026312,0.000573712,0
oinput,91,0.000343053,0.00022159,0,0,0,0.015772707,0.009960124,0,0,0.000137025,0,0,0
oinput,92,0.001573567,0.001016425,0,0.370179581,0.214714999,0.385614838,0.000382739,0.011440853,0,0,0,0.010961992,0.008688981
oinput,93,0.10121544,0.065378774,0,0,0.000548226,0.049196498,0,0,0,0,0,0.264665506,0.003107318
oinput,94,0.0006398,0.000264945,0.000652316,0.000143092,0.000145169,0.000250136,0.001317335,0.000133499,0.001375128,0.002072509,0.004286361,0.001167913,9.59E-05
oinput,95,0.002217756,0.003049364,0.005001087,0.001073192,0.000537979,0.002019964,0.001602165,0.000734244,0.00107542,0.001912646,0.003803391,0.001987501,0.000690515
oinput,96,0.003631883,0.002345967,0,0,0.000122967,0.008254478,0.000284829,0,0,9.14E-05,0,0.019834033,0
oinput,97,0.002920572,0.000269762,0,0,0.000754878,0.010864384,0.000382739,0.000173549,0.001198829,0.001981159,0.003914072,0.001823584,0
oinput,98,0,0,0,0,0,0,0,0,0,0,0,0,0
oinput,111,0,0,0,0,0,0,0,0,0,0,0,0,0
oinput,112,0,0,0,0,0,0,0,0,0,0,0,0,0
oinput,113,0,0,0,0,0,0,0,0,0.001322238,0.005047102,0,0,0
oinput,114,0,0,0,0,0,0,0,0,0,0,0,0,0
oinput,115,0,0,0,0,0,0,0,0,0,0.001164716,0,0,0
oinput,116,0,0,0,0,0,0,0,0,0,0.000924921,0.00064396,0,0
oinput,117,0,0,0,0,0,0,0,0,0.000810973,0.000216957,0.000342104,0.00067616,0
oinput,118,0,0,0,0,0,0,0,0,0,0,0,0,0
oinput,119,0,0,0,0,0,0,0,0,0,0,0,0,0
oinput,120,0,0,0,0,0,0,0,0,0,0,0,0,0
oinput,121,0,0,0,0,0,0,0,0,0,0,0,0,0
oinput,122,0,0,0,0,0,0,0,0,0.211223159,0.159520411,0.300306887,0.406884541,0.07712669
oinput,123,0,0,0,0,0,0,0,0,0.010983393,0.003888096,0,0,0
oinput,124,0,0,0,0,0,0,0,0,0.079898452,0.006788467,0.174603813,0.041839975,0.015958569
oinput,125,0,0,0,0,0,0,0.000445046,0,0.00562392,0.002180988,0.00080495,0.002827579,0.000863144
oinput,126,0,0,0,0,0,0,0,0,0,9.71E-05,0.000362228,0,0
oinput,127,0,0,0,0,0,0,0,0,0,0.000125607,0.002284047,0,0
oinput,128,0,0,0,0,0,0,0,0,0,0,0,0,0
oinput,129,0,0,0,0,0.000138337,0,0,0,0,0,0.000633898,0,0
oinput,130,0,0,0,0,0,0,0,0,0,9.71E-05,0.000342104,0,0
oinput,131,0,0,0,0,0,0,0.000142415,0,0.000493636,0.000725093,0.001458973,0,0
oinput,132,0.265812039,0.045512158,0.172428789,0.24619017,0.312796209,0.130924794,0.373882935,0.042933237,0.162018265,0.171481587,0.006640841,0.062473107,0.003490937
oinput,133,0.034857494,0.024194569,0.096542727,0.030049367,0.010148158,0.017882342,0.089569908,0.042359192,0,0.000742221,0.004054938,0.012273333,0.002800422
oinput,134,0.074560659,0.055128235,0.207436399,0.137583172,0.048921908,0.123637822,0.152935522,0.022988506,0,0.000599486,0.003129245,0.009568692,0.002205812
oinput,135,0,0,0,0,0.006816105,0,0.04543027,0,0,0,0,0,0
oinput,136,0.011547041,0.030088049,0.089367254,0.030836374,0.013468255,0.015111971,0.109703778,0.042799738,0.000881492,0.000964887,0.004608341,0.011925008,0.002877146
oinput,137,0.001660974,0,0,0,0,0,0,0,0.001463277,0.001575792,0.000332042,0.001249872,0.022595186
oinput,138,0.000918511,0,0,0,0,0.002128513,0,0,0,0.00263203,0.002072747,0,0
oinput,139,0.008713285,0.000120429,0,0,0.003263738,0.003832268,0,0,0.000828603,0.002363688,0.010655532,0.00344227,0
oinput,140,0,0,0,0,0,0,0,0,0,0,0,0,0
oinput,141,0,0,0,0,0,0,0,0,0,0,0,0,0
oinput,142,0,0,0,0,0,0,0,0,0,0,0,0,0.134266807
oinput,143,0,0,0,0,0,0,0,0,0,0,0,0,0.160487197
oinput,144,0,0,0,0,0,0,0,0,0,0,0,0,0
oinput,145,0,0,0,0,0,0,0.00039164,0,0,0,0,0,0
oinput,146,0,0,0,0,0,0,0,0,0,0,0,0,0
oinput,147,0,0,0,0,0,0,0,0,0,0,0,0,0
oinput,148,0,0,0,0,0,0,0,0,0,0,0,0,0
oinput,149,0,0,0,0,0,0,0,0,0,0,0,0,0
oinput,150,0,0,0,0,0,0,0,0,0,0,0,0,0
oinput,151,0.000597032,0.013128835,0,0,0.000628496,0.00308658,0,0.004552312,0,0.000211248,0.008753836,0.002233378,0.002263355
oinput,152,0,0,0,0,0,0,0,0,0,0,0,0,0
oinput,153,0,0,0,0,0,0,0,0,0,0,0,0,0
oinput,154,0,0,0,0,0,0,0,0,0,0,0,0,0
oinput,155,0,0,0,0,0,0,0,0,0,0,0,0,0
oinput,156,0,0,0,0,0,0,0,0,0,0,0,0,0
oinput,157,0,0,0,0,0,0,0,0,0,0,0,0,0
oinput,158,0,0,0,0,0,0,0,0,0,0,0,0,0
oinput,159,0,0,0,0,0,0,0,0,0,0,0,0,0
oinput,160,0,0,0,0,0,0,0,0,0.100578259,0.156894091,0.023695729,0.009732609,0.027524696
oinput,161,0,0,0,0,0,0,0,0,0,0,0,0,0
oinput,162,0,0,0,0,0,0,0,0,0,0,0,0,0
oinput,163,0,0,0,0,0,0,0,0,0,0,0,0,0
oinput,164,0,0,0,0,0,0,0,0,0,0,0,0,0
oinput,165,0,0,0,0,0.003523334,0.003591571,0.120438281,0,0.001251719,0.000536683,0.004266237,0.00555271,0
oinput,166,0,0,0,0,0,0,0,0,0.003578858,0.005469597,0.0018212,0,0
oinput,167,0,0,0,0,0,0,0,0,0,0,0,0,0
oinput,168,0,0,0,0,0.000112719,0.000122708,0.000471748,0,0.000634674,0.000919212,0.000603713,0,0
oinput,169,0,0,0,0,0,0,0,0,0,0,0,0,0
oinput,170,0,0,0,0,0,0,0,0,0,0,0,0,0
oinput,171,0,0,0,0,0,0,0,0,0,0,0,0,0
oinput,172,0,0,0,0,0,0,0,0,0,0,0,0,0
oinput,173,0,0,0,0,0,0,0,0,0,0,0,0,0
oinput,174,0,0,0,0,0,0,0,0,0,0,0,0,0
oinput,175,0,0,0,0,0,0,0.00272368,0.00234958,0,0,0,0,0
oinput,176,0,0,0,0,0,0,0,0,0,0,0,0,0
oinput,177,0,0,0,0,0,0,0,0,0,0,0,0,0
oinput,178,0,0,0,0,0,0,0,0,0,0,0,0,0
oinput,179,0,0,0,0,0,0,0,0,0,0,0,0,0
oinput,180,0,0,0,0,0,0,0.001708976,0,0,0.00037682,0.000684208,0.002417785,0
oinput,181,0,0,0,0,0.000198113,0,0,0,0,0.00225521,0.007284802,0,0
oinput,182,0,0,0,0,0,0,0,0,0,0.000148444,0,0,0
oinput,183,0,0,0,0,0,0,0,0,0,0,0,0,0
oinput,184,0,0,0,0,0,0,0,0,0,0,0,0,0
oinput,185,0.000141696,9.15E-05,0,0,0.000249349,0,0,0,0.00222136,0.003585498,0.000684208,0.003688147,0
oinput,192,0,0,0,0,0,0,0,0,0,0,0,0,0
oinput,193,0.001726875,0.000635868,0,0,0,0,0,0,0.017982441,0.070311162,0.006439604,0.003380801,0
oinput,194,0,0,0,0,0,0,0.000222523,0,0.001004901,0.00037111,0.000734517,0.001085954,0
oinput,195,0.000492206,0.000317934,0,0,0,0,0,0,0.019057861,0.027336569,0.00080495,0.001147423,0
oinput,196,0.000642958,0,0,0,0,0,0,0,0,0,0,0,0
oinput,197,0,0,0,0,0,0,0,0,0,0,0.003582029,0.001065465,0
oinput,198,0,0,0,0,0,0,0,0,0.002908924,0.004059378,0.005101373,0.010244852,0
oinput,199,0,0,0,0,0,0,0,0,0,0,0,0,0
oinput,200,0,0,0,0,0,0,0,0,0,0,0.000764703,0,0
oinput,202,0,0,0,0,0,0,0,0,0,0,0,0,0
oinput,203,0,0,0,0,0,0,0,0,0,0,0,0,0
oinput,204,0,0,0,0,0,0,0,0,0,0,0,0,0
oinput,205,0,0,0,0,0,0,0,0,0,0,0,0,0
oinput,206,0,0,0,0,0,0,0,0,0,0,0,0,0
oinput,207,0,0,0,0,0,0,0,0,0,0,0,0,0
oinput,208,0.008725469,0.005636101,0,0,0,0,0,0,0.000758083,0,0,0,0
oinput,209,0,0,0,0,0,0,0,0,0,0,0,0,0
oinput,210,0,0,0,0,0,0,0,0,0,0,0,0,0
oinput,211,0,0,0,0,0,0,0,0,0,0,0,0,0
oinput,212,0,0,0,0,0,0,0,0,0,0,0,0,0
oinput,213,0,0,0,0,0,0,0,0,0,0,0,0,0
oinput,214,0.000633902,0.00040946,0,0,0.000420136,0,0,0,0,0,0.006067314,0.0013933,0
oinput,215,0,0,0,0,0,0,0,0,0,0,0,0,0
oinput,216,0,0,0,0,0,0,0,0,0,0,0,0,0
oinput,217,0,0,0,0,0,0,0,0,0,0,0.001328168,0,0
oinput,218,0,0,0,0,0,0,0,0,0,0,0.002273985,0,0
oinput,219,0,0,0,0,0.000261304,0.001883097,0,0,0.000634674,0.000959178,0.00048297,0,0
oinput,220,0,0,0,0,0,6.61E-05,0,0,0.004724798,0.006685698,0.005483725,0.006372298,0
oinput,221,0,0,0,0,0,0.000330368,0,0,0.002908924,0.002477876,0.003712834,0.001700645,0
oinput,222,0,0,0,0,0,0.001463058,0,0,0.010895243,0.019217813,0.01664235,0.006413277,0
oinput,223,0,0,0,0,0,0,0,0,0.002609217,0.001775621,0.003451225,0.004323328,0
oinput,224,0,0,0,0,0,0,0,0,0,0,0,0,0
oinput,225,0,0,0,0,0,0,0,0,0,0,0,0,0
oinput,226,0,0,0,0,0,0,0,0,0,0,0,0,0
oinput,227,0,0,0,0,0,0,0,0,0,0,0,0,0
oinput,228,0,0,0,0,0,0,0,0,0,0,0,0,0
oinput,229,0,0,0,0,0,0,0,0,0,0,0,0,0
oinput,230,0,0,0,0,0,0,0,0,0,0.000199829,0.00080495,0,0
oinput,231,0,0,0,0,0,0,0,0,0,0,0,0,0
oinput,232,0,0,0,0,0,0,0,0,0,0,0,0,0
oinput,233,0,0,0,0,0,0,0,0,0,0,0,0,0
oinput,234,0,0,0,0,0,0,0,0,0,0,0,0,0
oinput,235,0.005132785,0.001204295,0,0,0.001103283,0,0,0.008183481,0,0.000491008,0.00198219,0.002540723,0
oinput,236,0,0,0,0,0,0,0,0,0,0,0,0,0
oinput,237,0,0,0,0,0,0,0,0,0,0,0,0,0
oinput,238,0,0,0,0,0,0,0,0,0,0,0,0,0
oinput,239,0,0,0,0,0,0,0,0,0,6.28E-05,8.05E-05,0,0
oinput,240,0,0,0,0,0,0,0,0,0.007457424,0.002700542,0,0,0
oinput,241,8.42E-05,0,0,0,6.32E-05,0,0,0,0,0,0,0,0
oinput,242,0,0,0,0,0.000338158,0,0,0,0.001498537,0.006548673,0.002928007,0.00344227,0
oinput,243,0,0,0,0,0,0,0,0,0.008497585,0.000833571,0.002787141,0,0
oinput,244,0.00022373,0.000144515,0,0,0,0.000287892,0.038923701,0.006781743,0.009502486,0.112446474,0,0.000553222,0
oinput,245,0,0,0,0,0,0,0.027308007,0.005019558,0.011053912,0.051213246,0.002364542,0.000778609,0
oinput,246,0,0,0,0,0,0,0,0,0,0.001604339,0.004195804,0,0
oinput,247,0,0,0,0,0,0,0,0,0,0,0,0,0
oinput,248,0,0,0,0,0,0,0,0,0,0,0,0,0
oinput,249,0,0,0,0,0,0,0,0,0,0,0,0,0
oinput,250,0,0,0,0,0,0,0,0,0,0,0,0,0
oinput,251,0,0,0,0,0,0,0,0,0,0,0,0,0
oinput,252,0,0,0,0,0,0,0,0,0,0,0,0,0
oinput,253,0,0,0,0,0,0,0,0,0,0,0,0,0
oinput,254,0,0,0,0,0,0,0,0,0,0,0,0,0
oinput,255,0.003039856,0.000910447,0.12350511,0,0.003412322,0.024744555,0.001468651,0.007515986,0.030693558,0.009083643,0.045016854,0.001782604,0.000306896
oinput,256,0,0,0,0,0,0,0,0,0,0,0,0,0
oinput,257,0,0,0,0,0,0,0,0,0,0,0,0,0
oinput,258,0,0,0,0,0,0,0,0,0,0,0,0,0
oinput,259,0,0,0,0,0,0,0,0,0,0,0,0,0
oinput,260,0,0,0,0,0,0,0,0,0,0,0,0,0
oinput,261,0,0,0,0,0,0,0,0,0,0,0,0,0
oinput,263,0,0,0,0,0,0,0,0,0,0,0,0,0
oinput,264,0,0,0,0,0,0,0,0,0,0,0,0,0
oinput,265,0,0,0,0,0,0,0,0,0,0,0,0,0
oinput,266,0,0,0,0,0,0,0,0,0,0,0,0,0
oinput,267,0,0,0,0,0,0,0,0,0,0,0,0,0
oinput,268,0,0,0,0,0,0,0,0,0,0,0,0,0
oinput,269,0.000233546,9.15E-05,0,0,5.12E-05,8.97E-05,0.000436145,5.34E-05,0.000511265,0.000713674,0.001458973,0.000430284,0
oinput,270,0.000145431,0,0,0,4.78E-05,0.000184062,0,0,0,0.000205538,0.000362228,0,0
oinput,271,0.000887894,0,0,0,0.00016054,0,0,0,0.001745355,0.000913503,0.001006188,0.00069665,0
oinput,272,0,0,0,0,0,0,0,0,0.000775713,0.001792749,0.00037229,0,0
oinput,287,0,0,0,0,0,0,0,0,0,0,0,0,0
oinput,288,0,0,0,0,0,0,0,0,0,0,0,0,0
oinput,290,0,0,0,0,0,0,0,0,0,0,0,0,0
oinput,291,0,0,0,0,0,0,0,0,0,0,0,0,0
oinput,292,0,0,0,0,0,0,0,0,0,0,0,0,0
oinput,293,0,0,0,0,0,0,0,0,0,0,0,0,0
oinput,294,0,0,0,0,0,0,0,0,0,0,0,0,0
oinput,296,0,0,0,0,0,0,0,0,0,0,0,0,0
oinput,297,0,0,0,0,0,0,0,0,0,0,0,0,0
oinput,298,0,0,0,0,0,0,0,0,0,0,0,0,0
oinput,299,0,0,0,0,0,0,0,0,0,0,0,0,0
oinput,300,0,0,0,0,0,0,0,0,0,0,0,0,0
oinput,301,0,0,0,0,0,0,0,0,0,0,0,0,0
oserv,25,0.41938176,0.239829387,0.320275487,0.287816633,0.427389974,0.173645777,0.058497541,0.064761096,0.13586352,0.096639934,0.106454165,0.045417738,0
oserv,273,0.159955124,0.177103644,0,0,0,0,0,0,0,0,0,0,0
oserv,282,0,0,0,0,0,0,0,0,0,0,0,0,0
oserv,283,7.94E-05,8.79E-05,0,0,0,0,0,0,0,0.000462685,0,0.000738796,0.001216887
oserv,284,0,0,0,0,0,0,0,0,0,0,0,0,0
oserv,285,0.000463421,0.000513104,0,0,0,0,0.00061717,0.000208744,0,0.004705022,0.00010644,0.002212748,0.002137352
oserv,286,0,0,0,0,0,0,0.015842819,0,0,0.001950038,0.004115679,0,0.006490062
oserv,302,0.13017903,0.166303596,0.111159853,0.279899022,0.118598783,0.235541815,0.248967672,0.130436347,0.375078528,0.481228503,0.522991034,0.545396812,0.317810228
oserv,303,0.029376554,0.054738686,0.06527461,0.081356321,0.180397623,0.166498112,0.218319134,0.211026014,0.075133281,0.082176268,0.065494289,0.118256442,0.076492246
oserv,304,3.70E-05,4.10E-05,0,0,0,0,0,8.64E-05,0.000789603,0.002053562,0.00049672,8.73E-05,0.002074948
oserv,305,4.75E-06,0,0,0,1.77E-05,1.44E-05,1.27E-05,7.20E-06,0,0,0,0,0
oserv,306,0.000116433,0.000128916,0,0,0.000291568,0.000273526,0.010962722,0.000122367,0.001394772,0.004738826,0.005485207,0.000691484,0.006833287
oserv,307,0.069664772,0.081003031,0.016757326,0.031268826,0.01300476,0.008497299,0.024794966,0.022645149,0.022443157,0.024494849,0.016938148,0.030530823,0.058519767
oserv,308,0.000631482,0.002130057,0.005088612,0.004417797,0.001347481,0.001104901,0.011503541,0.003858169,0.005924901,0.003437392,0.002982093,0.000667828,0.03188867
oserv,309,0.001924296,0.002776315,0.002544306,0.002409708,0.000636273,0.000377898,0.000763509,0.001072513,0.038408115,0.003183866,0.003748461,0.002061713,0.009142251
oserv,310,0,0,0,0,0,0,0,0,0,0,0,0,0
oserv,311,0.000433552,0.00047127,0,0.001692533,8.86E-05,0.000179951,0.015772831,0.002001065,0.000172906,0.000268315,0.001133586,2.73E-05,0.001326094
oserv,312,0.000821204,0.000909244,0,0,0.000238432,0.018214667,0.020926519,0.001540388,0.003250627,0.004637415,0.007888976,0.01099641,0
oserv,313,0,0,0,0,0,0,0,0,0,0,0,0,0
oserv,314,3.86E-06,4.27E-06,0,0,0,0,0.000286316,0,0,0,2.13E-05,0,0
oserv,315,0.00096888,0.001687097,0.000350939,0.000631114,0.001200335,0.001507992,0.003747558,0.00168435,0.000576352,0.000456347,0.000356574,0.000189248,0.001482106
oserv,316,0.03389305,0.044969481,0.025750132,0.025387992,0.012365763,0.078757472,0.014913883,0.014417748,0.013434771,0.01911587,0.020840947,0.011615106,0.019532591
oserv,317,0.001439044,0.004742444,0.0107475,0.010556815,0.004768639,0.003660209,0.006114437,0.007234067,0.01574018,0.010430487,0.018852293,0.027817659,0.03862835
oserv,318,0.006607711,0.014549755,0.029654325,0.010958433,0.012980236,0.046395036,0.034364283,0.012690209,0.010403158,0.021431409,0.020301651,0.005280751,0.016724391
oserv,319,0.000800558,0.001776422,0.00364099,0.001004045,0.001568201,0.005603683,0.004154763,0.001518794,0.001256448,0.002592305,0.002449893,0.000640532,0.002028144
oserv,320,0.000250612,0.000543001,0.001096684,0.000458992,0.000472777,0.001691542,0.001247065,0.000439083,0.000380392,0.000781706,0.000739758,0.000194707,0.000624044
oserv,321,0.000676472,0.001570038,0.003290051,0.000803236,0.001431954,0.005121413,0.003792096,0.001331644,0.001152705,0.002370469,0.002240561,0.000584122,0.001856532
oserv,322,5.46E-05,0,0,0,0.000156684,0.000557849,0.002055113,0.005995998,0.021993602,0.009733291,0.011456489,0.007213266,0.012902119
oserv,323,0.000494142,0.004773921,0.005483418,0.007114375,0.000746633,0.001248862,0.001380679,0.011502527,0.00273191,0.002072576,0.001193902,0.001230113,0.004976754
oserv,324,0.00114606,0.010134217,0.002982979,0.005909521,0.001866582,0.003095162,0.003442155,0.011106632,0.006835538,0.005180384,0.002987415,0.001219195,0.004961153
oserv,325,0.000148399,1.62E-05,0.001447622,0.001262228,0.00022617,0.000457076,0.000744422,0.000727006,0.000328521,0.001250729,0.000580098,0.000151035,0.000951668
oserv,326,0.000265624,0.000278099,0.000570275,0.000372931,0.00030928,0.000316714,0.000241778,0.000431885,0.000247831,0.000238737,0.000207558,0.000203806,0.000265219
oserv,327,0,0,0,0,0,0,0,0,0,0,0,0,0
oserv,328,0.000176991,0.00067676,0.000614143,0.001118793,0.000572237,0.000752196,0.003919348,0.000928552,0.000420737,0.000891567,0.000879904,0.000192888,0.000468033
oserv,329,0,0,0,0,0,0,0,0,0,0,0,7.28E-05,0
oserv,330,0.000183607,0,0,0.002467082,0.000568149,0.000233937,0.000636258,0.000115169,0.000714677,0.000130988,0.000849746,0.0007115,0
oserv,331,1.85E-05,2.05E-05,0,0,0,0,0,0,0.000242068,2.75E-05,0.000832006,0.000107362,0.000764454
oserv,332,1.00E-05,1.11E-05,0,0,0,0,0.001565194,0,0,0,0.000243038,4.73E-05,0
oserv,333,0,0,0,0,0,0,0,0,0,0,0,0,0
oserv,334,6.17E-06,6.83E-06,0,0,0,0,0,0,0,0,0,0,0
oserv,335,0.110249034,0.137879336,0.336111599,0.20399323,0.185490529,0.18969743,0.143838798,0.30321898,0.162819515,0.152299482,0.097717217,0.12593737,0.224203563
oserv,336,0,0,0,0,0,0,0,0,0,0,0,0,0
oserv,337,0.00655635,0.007399707,0.002675908,0.001635159,0.000846093,0.000727003,0.000311766,0.045369477,0.007602086,0.005514193,0.009208832,0.00820136,0.041249337
oserv,338,0,0,0,0,0,0,0,0,0,0,0,0,0
oserv,339,0.004205004,0.004776469,0.002017898,0.001204854,0.00085563,0.000550651,0.000241778,0.052416394,0.00446673,0.003236684,0.018137371,0.009819068,0.022262785
oserv,340,0.009982647,0.01220773,0.024083172,0.014601681,0.01323093,0.013521538,0.01024375,0.024207132,0.012016945,0.011146699,0.005126859,0.009422375,0.018362507
oserv,341,0,0,0,0,0,0,0,0,0,0,0,0,0
oserv,343,0,0,0,0,0,0,0,0,0,0,0,0,0
oserv,344,6.17E-06,6.83E-06,0,0,0.000205733,0.002321371,0.000648983,8.64E-05,0.000230541,0.001871868,0.002471181,0.000205625,0
oserv,346,0,0,0,0,0,0,0,0,0,0,0,0,0
oserv,347,0,0,0,0,0,0,0,0,0,0,0,0,0
oserv,348,0,0,0,0,0,0,0,0,0,0,0,0,0
oserv,349,0.000195248,0.000209113,0.000175469,8.61E-05,0.000144422,0,0.000165427,0.005002663,0,4.23E-05,0.000191592,7.10E-05,0.001232488
oserv,350,0.00141979,0,0,0,0.00085018,0,0.005789946,0.000244735,0.001654131,0.002514134,0.002953709,0.000724238,0.005366782
oserv,351,0.000588705,0.00681866,0.008554132,0.01480249,0.004552007,0.006064358,0.009104849,0.03570246,0,0,0,0,0
oserv,352,0.000107632,0,0,0,8.04E-05,0.000215942,0.005363653,0.001079712,0,0.000242963,0.002731959,0,0.002355768
oserv,353,0,0,0,0,0,0,0,0,0,0,0,0,0
oserv,354,0.000725634,0.001466327,0.00280751,0.001118793,0.001648587,0.002530115,0.03635577,0.001914688,0.00062246,0.000986639,0.001027146,0.000380316,0.000795657
oserv,355,0.002295516,0.002541614,0,0,0,0,0,0,0,0,0,0,0
oserv,356,0.000802704,0.001653019,0.003070714,0.001262228,0.001829795,0.002803641,0.001806972,0.00209464,0.007717357,0.012293904,0.012836661,0.004783975,0.009859902
oserv,357,0.000119518,0.000132331,0,0,0,0,0.004390179,0.000158358,0.000328521,0.001007766,0.000447048,0.000189248,0
oserv,358,0.000183317,0.001840397,0,0,0.000200283,0.000219541,0.007323327,0.000741402,6.92E-05,7.39E-05,0.000218202,5.46E-05,0
oserv,359,0.000222907,0.002870051,0,0,0.000249332,0,0.007813246,0.002303385,0,5.92E-05,0.000232394,6.73E-05,0
oserv,360,4.55E-05,5.04E-05,0,0,2.72E-06,0,0,0.000165556,0,8.45E-06,4.26E-05,1.27E-05,7.80E-05
oserv,361,7.73E-06,7.68E-06,0,0,1.36E-06,3.60E-06,0,2.88E-05,5.76E-06,2.11E-06,7.10E-06,1.82E-06,1.56E-05
oserv,362,0,0,0,0,0,0,0,0,0,0,0,0,0
oserv,363,0,0,0,0,0,0,0,0,0,0,0,0,0
oserv,364,0,0,0,0,0,0,0.002595932,0,0,0,0,4.19E-05,0
oserv,365,0,0,0,0,0,0,0.001444305,0,0,0,0,0,0
oserv,366,0.000579084,0.000641166,0,0,0.003610541,0.010325604,0.01448759,0,0,0,0,0,0
oserv,367,0.000232675,0,0,0,0.000618561,0.003177939,0.021174659,0.005096238,0,0,0,0,0
oserv,368,0,0,0,0,0,0,0,0,0,0,0,0,0
oserv,369,0,0,0,0,0,0,0,0,0,0,0,0,0
oserv,370,0,0,0,0,0,0,0,0,0,0,0,0,0
oserv,371,3.24E-05,3.59E-05,0,0,0,0,0,0,0,0,0,0,0
oserv,372,0,0,0,0,0,0,0,0,0,0,0,0,0
oserv,373,0.000130095,2.05E-05,0,0,0.000243882,0.000896157,0.000661708,0.000208744,0.000190196,0.000407755,0.000392054,9.83E-05,0.000312022
oserv,374,0.000639881,0.001345151,0.002763643,0.001204854,0.001207147,0.00431883,0.003187652,0.001194881,0.000968272,0.001992293,0.001885762,0.000494957,0.001560111
oserv,375,2.78E-05,3.07E-05,0,0,0,0,0,0,0,0,0,0,0
oserv,376,9.25E-06,1.02E-05,0,0,0.002013728,0.003955329,0.007635093,0,0,0,0.002998059,0.000693303,0.007082904
oserv,377,0,0,0,0,0,0,0,0,0,0,0,0,0
oserv,378,1.93E-05,0.005904892,0.009606949,0.002840013,2.59E-05,0.001936276,0.001953311,0.001094108,0.003440823,0.006845205,0.002380707,1.27E-05,0
oserv,379,8.71E-05,0,0,0,0.000245244,0.000863766,0.002016937,0.009292717,0.062453532,0.011782627,0.01519608,0.023979925,0.044369559
oserv,380,0,0,0,0,0,0,0.000299041,0,0,0,0,0,0
oserv,381,0.000176483,0.00033246,0.000701878,0.000344244,0.00033108,0.001176881,0.000865311,0.000273527,0.000270886,0.000542968,0.00051446,0.000141936,0.000436831
oserv,382,0,0,0,0,0,0,0,0,0,0,0,0,0
oserv,383,0,0,0,0,0,0,0,0,0,0,0,0,0
oserv,384,0.000139531,2.31E-05,0.000701878,0,0.000271131,0.000946544,0.000693521,0.000215942,0.000224777,0.000447896,0.000415116,0.000109182,0.000358826
pest,124,1,1,1,1,1,1,1,1,0,0,0,0,0
seed,1,0.99208845,0.960684409,0.883389479,0.144764495,0.265618008,1,0.01975908,0.379087828,0,0,0,0,0
seed,2,0.007907793,0.039311879,0,0,0,0,0,0,0,0,0,0,0
seed,3,0,0,0.116610521,0,0.111983129,0,0,0,0,0,0,0,0
seed,4,0,0,0,0.855235505,0,0,0,0,0,0,0,0,0
seed,5,0,0,0,0,0.008631299,0,0,0,0,0,0,0,0
seed,6,0,0,0,0,0,0,0,0,0,0,0,0,0
seed,7,0,0,0,0,0,0,0,0.523386085,0,0,0,0,0
seed,8,0,0,0,0,0,0,0,0.01330629,0,0,0,0,0
seed,9,0,0,0,0,0,0,0,0,0,0,0,0,0
seed,10,3.76E-06,3.71E-06,0,0,0,0,0.95813389,0,0,0,0,0,0
seed,11,0,0,0,0,0,0,0,0,0,0,0,0,0
seed,12,0,0,0,0,0.613767565,0,0.02210703,0.083936911,0,0,0,0,0
seed,13,0,0,0,0,0,0,0,0.000282885,0,0,0,0,0
smach,88,0,0,0,0,0.25791675,0,0.106164384,0.775157023,0,0,0,0,0.932229496
smach,186,0,0,0,0,0,0,0.099315068,0,0,0.026634383,0,0,0
smach,187,0.140180754,0,0,0,0,0,0,0,0,0.011622276,0.049476689,0.08356546,0
smach,188,0.533879891,0.995379737,1,0.987179487,0.201752639,0.698578199,0.363013699,0.188761192,0.283737024,0.075544794,0.460513796,0.317548747,0
smach,189,0.207785656,0,0,0,0.022306313,0,0.311643836,0,0.607266436,0.726392252,0.128449096,0.21448468,0.034270312
smach,190,0,0,0,0,0.323043218,0,0,0,0,0.017433414,0,0.128133705,0
smach,191,0.118153699,0.004620263,0,0.012820513,0.194981079,0.301421801,0.119863014,0.036081785,0.10899654,0.142372881,0.361560419,0.256267409,0.033500193
Surplus,388,1,1,1,1,1,1,1,1,1,1,1,1,1
TW,385,0.239900196,0.245741126,0.063268455,0.117638347,0.633169868,0.582009523,0.477638759,0.220897226,0.47187669,0.481294976,0.350312312,0.374272394,0.677590485
TW,386,-3.05E-05,-2.89E-05,0,0,-0.000654854,0,0,0,0,0,0,-0.001685674,-0.001369043
TW,390,0.760130328,0.754287754,0.936731545,0.882361653,0.367484987,0.417990477,0.522361241,0.779102774,0.52812331,0.518705024,0.649687688,0.62741328,0.323778557
water,281,1,0,0,0,1,1,1,1,1,1,1,1,1
