,1 ,2 ,3 ,4 ,5 ,6 ,7 ,8 ,9 ,10 ,11 ,12 ,13 ,14 ,15 ,16 ,17 ,18 ,19 ,20 ,21 ,22 ,23 ,24 ,25 ,26 ,27 ,28 ,29 ,30 ,31 ,32 ,33 ,34 ,35 ,36 ,37 ,38 ,39 ,40 ,41 ,42 ,43 ,44 ,45 ,46 ,47 ,48 ,49 ,50 ,51 ,52 ,53 ,54 ,55 ,56 ,57 ,58 ,59 ,60 ,61 ,62 ,63 ,64 ,65 ,66 ,67 ,68 ,69 ,70 ,71 ,72 ,73 ,74 ,75 ,76 ,77 ,78 ,79 ,80 ,81 ,82 ,83 ,84 ,85 ,86 ,87 ,88 ,89 ,90 ,91 ,92 
1 ,498770 ,530563 ,4288 ,763 ,20814 ,0 ,402 ,9346041 ,193145 ,90835 ,5082 ,411 ,421 ,1211 ,1432 ,1600 ,4944 ,2519 ,323 ,269587 ,2216 ,13861 ,2690 ,347 ,681 ,2074 ,3287 ,1670 ,2128 ,310 ,4200 ,4151 ,2666 ,1876 ,754 ,5149 ,553 ,349 ,3873 ,522 ,889 ,7349 ,850 ,300 ,26008 ,1268 ,281 ,123 ,934 ,1520 ,646661 ,111920 ,63132 ,2086 ,1132 ,145 ,9375 ,2863061 ,5768 ,1631 ,804 ,12855 ,2325 ,844 ,15080 ,9154 ,2014 ,0 ,4153 ,754 ,23373 ,2482 ,12918 ,11754 ,6450 ,40664 ,490126 ,130830 ,2218 ,70063 ,14224 ,17125 ,15641151 ,8966140 ,0 ,17507 ,9654 ,100138 ,0 ,453151 ,9546590 ,25187741 
2 ,179085 ,408390 ,0 ,0 ,0 ,0 ,0 ,12953643 ,3936 ,0 ,26148 ,933 ,0 ,0 ,0 ,0 ,0 ,0 ,0 ,21730 ,4091 ,7827 ,0 ,0 ,0 ,0 ,0 ,0 ,0 ,0 ,0 ,0 ,0 ,0 ,0 ,0 ,0 ,0 ,0 ,0 ,0 ,0 ,0 ,0 ,9290 ,0 ,0 ,0 ,0 ,0 ,0 ,0 ,0 ,0 ,0 ,0 ,0 ,571485 ,0 ,0 ,0 ,0 ,0 ,0 ,0 ,0 ,0 ,0 ,0 ,0 ,25439 ,0 ,0 ,0 ,1467 ,0 ,37665 ,35826 ,0 ,0 ,0 ,0 ,14286955 ,1325348 ,0 ,191860 ,3728 ,953300 ,0 ,6878 ,2481114 ,16768069 
3 ,35413 ,23010 ,89131 ,11533 ,0 ,2767 ,417 ,434559 ,891 ,0 ,0 ,0 ,198581 ,1249 ,0 ,0 ,317 ,53 ,0 ,6371 ,352 ,6151 ,123 ,0 ,0 ,0 ,0 ,0 ,627 ,0 ,0 ,0 ,0 ,0 ,0 ,0 ,0 ,0 ,0 ,0 ,0 ,0 ,0 ,0 ,6002 ,0 ,0 ,467 ,0 ,0 ,15653 ,30593 ,0 ,0 ,0 ,0 ,0 ,263716 ,0 ,0 ,0 ,0 ,0 ,0 ,0 ,0 ,0 ,0 ,0 ,0 ,1403 ,0 ,0 ,0 ,402 ,1594 ,3331 ,17890 ,492 ,0 ,0 ,0 ,1153088 ,384683 ,0 ,171064 ,4190 ,472237 ,0 ,35183 ,1067357 ,2220445 
4 ,0 ,0 ,0 ,178972 ,0 ,0 ,0 ,2849940 ,0 ,0 ,0 ,0 ,0 ,0 ,0 ,0 ,0 ,0 ,0 ,60 ,0 ,1845 ,0 ,0 ,0 ,0 ,0 ,0 ,0 ,0 ,0 ,0 ,0 ,0 ,0 ,0 ,0 ,0 ,0 ,0 ,0 ,0 ,0 ,0 ,9445 ,0 ,0 ,0 ,0 ,0 ,0 ,0 ,0 ,0 ,0 ,0 ,0 ,1766229 ,0 ,0 ,0 ,0 ,0 ,0 ,0 ,0 ,0 ,0 ,0 ,0 ,28990 ,0 ,0 ,0 ,0 ,0 ,297 ,109903 ,3468 ,15131 ,0 ,0 ,4964280 ,2127864 ,0 ,0 ,0 ,69354 ,0 ,261245 ,2458463 ,7422743 
5 ,919602 ,151807 ,165620 ,116846 ,0 ,0 ,0 ,0 ,0 ,0 ,0 ,0 ,0 ,0 ,0 ,0 ,0 ,0 ,0 ,0 ,0 ,0 ,0 ,0 ,0 ,0 ,0 ,0 ,0 ,0 ,0 ,0 ,0 ,0 ,0 ,0 ,0 ,0 ,0 ,0 ,0 ,0 ,0 ,0 ,0 ,0 ,0 ,0 ,0 ,0 ,0 ,933 ,0 ,0 ,0 ,0 ,0 ,0 ,0 ,0 ,0 ,0 ,0 ,0 ,0 ,0 ,0 ,0 ,0 ,0 ,0 ,0 ,0 ,0 ,15308 ,0 ,0 ,0 ,0 ,0 ,0 ,0 ,1370116 ,0 ,0 ,0 ,0 ,0 ,0 ,19971 ,19971 ,1390087 
6 ,0 ,0 ,0 ,0 ,0 ,0 ,0 ,0 ,0 ,0 ,0 ,0 ,0 ,0 ,0 ,267436 ,19264 ,0 ,0 ,0 ,0 ,96 ,0 ,0 ,0 ,19133 ,11632 ,0 ,18466 ,114 ,0 ,0 ,0 ,0 ,0 ,0 ,0 ,0 ,0 ,0 ,0 ,0 ,0 ,0 ,521 ,5398 ,240584 ,0 ,0 ,0 ,0 ,0 ,0 ,0 ,0 ,0 ,0 ,0 ,0 ,0 ,0 ,0 ,0 ,0 ,0 ,0 ,0 ,0 ,0 ,0 ,58 ,0 ,0 ,0 ,0 ,0 ,0 ,0 ,0 ,0 ,0 ,0 ,582702 ,0 ,0 ,0 ,0 ,-98084 ,0 ,742 ,-97342 ,485360 
7 ,387 ,186 ,0 ,201 ,0 ,0 ,0 ,12194 ,0 ,0 ,1739 ,605 ,0 ,4005 ,0 ,6129 ,103854 ,1864 ,0 ,3 ,24526 ,23313 ,6362 ,44 ,133894 ,1420420 ,188802 ,0 ,13910 ,15037 ,14097 ,1910 ,3254 ,2675 ,7370 ,19240 ,127 ,0 ,0 ,0 ,0 ,2355 ,45 ,102 ,14760 ,529 ,796 ,0 ,0 ,0 ,278809 ,780739 ,0 ,0 ,0 ,0 ,0 ,3170 ,0 ,0 ,0 ,0 ,0 ,0 ,0 ,0 ,0 ,0 ,182 ,0 ,2469 ,0 ,0 ,0 ,2487 ,0 ,3705 ,0 ,0 ,318 ,0 ,423 ,3097037 ,151 ,0 ,0 ,0 ,9459 ,0 ,138554 ,148164 ,3245201 
8 ,13244 ,8263495 ,137 ,211328 ,3448 ,556 ,2095 ,8515923 ,594084 ,1122 ,34825 ,48765 ,2222 ,40017 ,7557 ,10585 ,87922 ,19676 ,1706 ,77244 ,10535 ,622320 ,18324 ,1874 ,3803 ,15331 ,18594 ,9582 ,12323 ,1650 ,22683 ,22046 ,14170 ,10042 ,4017 ,27367 ,2940 ,1983 ,22434 ,2774 ,4723 ,39130 ,4537 ,1613 ,114534 ,9584 ,1481 ,1571 ,2307 ,9606 ,12146 ,17595 ,383488 ,11142 ,6787 ,316 ,71505 ,15485363 ,34902 ,8958 ,5378 ,66747 ,12344 ,4537 ,64086 ,54276 ,15429 ,0 ,26520 ,4013 ,320856 ,10895 ,80100 ,100533 ,89964 ,107282 ,121580 ,972675 ,108181 ,1142969 ,95134 ,18432 ,38423962 ,31433303 ,0 ,0 ,0 ,1985244 ,0 ,4816777 ,38235324 ,76659286 
9 ,1494 ,1073 ,128 ,83462 ,1613 ,272 ,998 ,9911 ,492548 ,528 ,10176 ,1013 ,1028 ,3019 ,3522 ,4433 ,15697 ,9355 ,797 ,1656 ,423 ,3044 ,6662 ,871 ,1765 ,5161 ,8695 ,4448 ,5749 ,764 ,10591 ,10302 ,6588 ,4672 ,1869 ,12713 ,1372 ,928 ,10465 ,1291 ,2214 ,18162 ,2112 ,754 ,2137 ,4557 ,687 ,760 ,1393 ,4527 ,5635 ,8214 ,206448 ,5165 ,3171 ,359 ,35540 ,4244022 ,18972 ,4154 ,2535 ,32279 ,5706 ,2124 ,25412 ,25511 ,7345 ,0 ,12509 ,1871 ,27725 ,6620 ,37779 ,60954 ,40968 ,62121 ,11260 ,12436 ,3473 ,21263 ,44748 ,8602 ,5763320 ,5561073 ,0 ,0 ,0 ,-81758 ,0 ,678587 ,6157902 ,11921222 
10 ,0 ,0 ,0 ,0 ,0 ,0 ,0 ,0 ,0 ,176522 ,0 ,0 ,0 ,0 ,0 ,0 ,0 ,0 ,0 ,0 ,0 ,0 ,0 ,0 ,0 ,0 ,0 ,0 ,0 ,0 ,0 ,0 ,0 ,0 ,0 ,0 ,0 ,0 ,0 ,0 ,0 ,0 ,0 ,0 ,0 ,0 ,0 ,0 ,0 ,0 ,0 ,0 ,0 ,0 ,0 ,0 ,0 ,0 ,0 ,0 ,0 ,0 ,0 ,0 ,0 ,0 ,0 ,0 ,0 ,0 ,244 ,0 ,0 ,0 ,0 ,0 ,0 ,0 ,0 ,0 ,0 ,0 ,176766 ,6403586 ,0 ,0 ,0 ,169725 ,0 ,880980 ,7454291 ,7631057 
11 ,150009 ,10330 ,2021 ,175626 ,6511 ,1129 ,2090 ,62888 ,1254 ,11496 ,11069652 ,282374 ,5020 ,166245 ,18027 ,37345 ,53092 ,15357 ,776 ,5678 ,1718 ,11879 ,150314 ,687212 ,9669 ,79465 ,68233 ,91143 ,14946 ,5823 ,146235 ,63285 ,35278 ,68455 ,18995 ,134499 ,164699 ,2352 ,34199 ,10525 ,6995 ,430361 ,111056 ,65526 ,1527261 ,65158 ,6607 ,7713 ,25079 ,157341 ,160899 ,242495 ,644410 ,220415 ,46177 ,600 ,530164 ,314398 ,69676 ,6263 ,4261 ,4802 ,7846 ,40354 ,114010 ,159090 ,38397 ,0 ,64866 ,12042 ,81804 ,5467 ,36169 ,257077 ,341219 ,73855 ,251753 ,266004 ,96460 ,61121 ,90400 ,365619 ,20887054 ,14515295 ,0 ,39648 ,3989 ,1748521 ,0 ,18906363 ,35213816 ,56100870 
12 ,2668 ,1250 ,167 ,4173 ,2626 ,185 ,1086 ,19762 ,1997 ,510 ,220018 ,679699 ,1163 ,17395 ,4359 ,6213 ,24770 ,10051 ,882 ,13428 ,537 ,4370 ,8610 ,911 ,2278 ,12555 ,16156 ,15193 ,8054 ,1833 ,75622 ,19116 ,13857 ,9851 ,4292 ,55683 ,3287 ,1023 ,23726 ,1963 ,84988 ,113013 ,5421 ,2335 ,297637 ,28585 ,1889 ,742 ,1926 ,56007 ,29599 ,49208 ,655411 ,8213 ,8606 ,399 ,91044 ,31539 ,16549 ,4066 ,1880 ,28014 ,7284 ,2487 ,32189 ,21503 ,21266 ,0 ,9532 ,3766 ,52292 ,6529 ,29385 ,38683 ,6607 ,67261 ,13258 ,116733 ,3029 ,60921 ,37156 ,9974 ,3348245 ,1427280 ,0 ,0 ,0 ,115749 ,0 ,2086857 ,3629886 ,6978131 
13 ,29302 ,22292 ,1016 ,194800 ,1549 ,3338 ,3223 ,52423 ,3988 ,0 ,5258 ,2166 ,939602 ,19649 ,833 ,13556 ,23782 ,6264 ,1114 ,370 ,780 ,19984 ,15413 ,940 ,70342 ,63406 ,62304 ,53277 ,70350 ,8043 ,192722 ,63401 ,39196 ,77144 ,1979 ,24629 ,3579 ,749 ,12527 ,6658 ,7896 ,172683 ,136640 ,10775 ,861431 ,79078 ,0 ,0 ,0 ,11678 ,1587345 ,296649 ,98542 ,7622 ,1809 ,0 ,280856 ,74562 ,629 ,0 ,0 ,0 ,778 ,3141 ,0 ,505 ,0 ,0 ,1677 ,2677 ,6298 ,646 ,114747 ,13264 ,1740 ,35334 ,6710 ,30305 ,14333 ,51423 ,4685 ,3555 ,6031961 ,68855 ,0 ,0 ,0 ,13466 ,0 ,57842 ,140163 ,6172124 
14 ,256260 ,18812 ,248 ,8582 ,3608 ,341 ,1274 ,1159936 ,156221 ,210806 ,315804 ,82312 ,40595 ,5121273 ,1365392 ,26038 ,104384 ,36393 ,30070 ,290561 ,12492 ,319652 ,268066 ,13820 ,108641 ,179955 ,70157 ,28766 ,36958 ,5046 ,302548 ,128810 ,53852 ,452412 ,43098 ,110117 ,183643 ,13939 ,180042 ,180539 ,45500 ,119951 ,8146 ,15656 ,500056 ,10374 ,3091 ,1434 ,4057 ,129439 ,315056 ,44086 ,2753152 ,45363 ,10981 ,399 ,156407 ,442299 ,66883 ,10421 ,35822 ,144337 ,1193361 ,9408 ,125986 ,123905 ,32180 ,0 ,51206 ,6374 ,162480 ,43161 ,200968 ,125910 ,43254 ,373265 ,48848 ,94988 ,16304 ,44695 ,89640 ,47389 ,19617695 ,520760 ,0 ,0 ,0 ,-718758 ,0 ,3259960 ,3061962 ,22679657 
15 ,3370 ,966 ,0 ,483 ,5737 ,222 ,520 ,53456 ,16289 ,89517 ,57582 ,40439 ,1263 ,189431 ,905240 ,84113 ,13128 ,7048 ,1329 ,90433 ,1519 ,85038 ,134181 ,502 ,1737 ,23963 ,23886 ,7211 ,5595 ,889 ,60789 ,29404 ,7079 ,41470 ,45089 ,34928 ,6170 ,10805 ,55673 ,12500 ,6152 ,37815 ,1909 ,2406 ,100107 ,10863 ,3281 ,20995 ,13069 ,12409 ,2909 ,22782 ,444120 ,64904 ,7898 ,587 ,126830 ,21749 ,137551 ,19284 ,64853 ,72627 ,449175 ,11386 ,672618 ,307536 ,46025 ,0 ,31533 ,19375 ,261977 ,138649 ,248125 ,84542 ,547679 ,892242 ,422237 ,55353 ,115196 ,187748 ,193274 ,47272 ,8076036 ,4896 ,0 ,0 ,0 ,-41153 ,0 ,150471 ,114214 ,8190250 
16 ,692335 ,47215 ,19921 ,788413 ,109449 ,4217 ,238815 ,417914 ,65499 ,8841 ,307228 ,55633 ,31097 ,185473 ,66416 ,2948838 ,13551924 ,201760 ,24814 ,80980 ,149895 ,615619 ,360536 ,110968 ,294426 ,1485935 ,6678382 ,136819 ,263273 ,39463 ,819759 ,512402 ,251865 ,398701 ,79100 ,99406 ,100811 ,27223 ,173305 ,55935 ,69321 ,717974 ,232776 ,183295 ,788130 ,1636566 ,348324 ,34956 ,213654 ,376425 ,1187252 ,2858485 ,3673592 ,9945233 ,3150506 ,2326620 ,876896 ,1117714 ,276368 ,25678 ,74634 ,199534 ,66075 ,132867 ,283673 ,151269 ,39428 ,0 ,697895 ,306127 ,200623 ,309343 ,796134 ,495620 ,932099 ,1724036 ,380938 ,520381 ,164737 ,471499 ,216216 ,585714 ,71289212 ,17587768 ,0 ,0 ,0 ,2342237 ,0 ,41016828 ,60946833 ,132236045 
17 ,0 ,1662 ,0 ,2800 ,198 ,0 ,441 ,212558 ,14143 ,8343 ,665366 ,35150 ,60018 ,355069 ,30505 ,1133328 ,17249059 ,19600482 ,1277456 ,633173 ,265083 ,2962105 ,1714174 ,575609 ,386729 ,164710 ,247415 ,69863 ,97033 ,11720 ,903928 ,127571 ,79597 ,245986 ,508642 ,120163 ,149581 ,4046 ,24676 ,39074 ,221205 ,174957 ,72189 ,15548 ,345102 ,549224 ,28886 ,72177 ,52788 ,124832 ,40297 ,32812 ,6212 ,3813 ,4427 ,153 ,29561 ,2665 ,0 ,0 ,327 ,1251 ,7615 ,722 ,0 ,0 ,0 ,0 ,353 ,141 ,439121 ,133 ,21853 ,29414 ,13529 ,32046 ,813084 ,806 ,1722 ,2414 ,266 ,27933 ,53147034 ,6256 ,0 ,0 ,0 ,-926212 ,0 ,27189244 ,26269288 ,79416322 
18 ,0 ,0 ,0 ,0 ,0 ,0 ,0 ,3153 ,223 ,0 ,1352496 ,155476 ,186853 ,277598 ,15282 ,14508 ,68374 ,149937 ,33772 ,3584 ,334 ,867178 ,12373370 ,286875 ,61807 ,95160 ,27520 ,6326 ,12008 ,5088 ,202547 ,81226 ,32089 ,1261159 ,384526 ,33855 ,632321 ,13035 ,120177 ,272765 ,175765 ,211905 ,81866 ,13823 ,534286 ,108 ,0 ,0 ,0 ,0 ,193881 ,52522 ,0 ,0 ,0 ,273 ,0 ,0 ,0 ,0 ,0 ,0 ,0 ,6249 ,0 ,0 ,0 ,0 ,0 ,0 ,46411 ,0 ,241 ,0 ,19 ,63 ,4249 ,0 ,0 ,0 ,0 ,4462 ,20356745 ,0 ,0 ,0 ,0 ,-457659 ,0 ,18594259 ,18136600 ,38493345 
19 ,0 ,0 ,0 ,0 ,0 ,0 ,0 ,0 ,0 ,0 ,1405560 ,6680 ,0 ,12646 ,0 ,0 ,427 ,0 ,101 ,0 ,0 ,2380 ,102669 ,1321 ,0 ,781 ,0 ,0 ,0 ,0 ,0 ,0 ,0 ,4909 ,0 ,0 ,0 ,0 ,0 ,0 ,799 ,2681 ,0 ,403 ,34099 ,0 ,0 ,0 ,0 ,0 ,0 ,0 ,0 ,0 ,0 ,0 ,0 ,0 ,0 ,0 ,0 ,0 ,0 ,0 ,0 ,0 ,0 ,0 ,0 ,0 ,598 ,0 ,0 ,0 ,6 ,0 ,0 ,0 ,0 ,0 ,0 ,0 ,1576060 ,0 ,0 ,0 ,0 ,184371 ,0 ,2679631 ,2864002 ,4440062 
20 ,0 ,101541 ,6 ,18292 ,13989 ,409 ,117 ,243701 ,3990 ,954 ,485 ,104 ,364 ,3166 ,223 ,5683 ,4613 ,533 ,86 ,271078 ,22386 ,20292 ,1008 ,166 ,139 ,1101 ,1019 ,647 ,678 ,260 ,8116 ,1755 ,473 ,952 ,429 ,6844 ,189 ,50 ,506 ,260 ,3425 ,9192 ,605 ,164 ,5398 ,5585 ,269 ,785 ,16308 ,25576 ,2262 ,2154 ,15173 ,3264 ,2751 ,13339 ,21998 ,14654 ,8307 ,440 ,1320 ,2285 ,599 ,1216 ,18205 ,51088 ,19268 ,0 ,569 ,493 ,168999 ,1379 ,8288 ,22732 ,106472 ,61386 ,10312268 ,34133 ,7727 ,11165 ,35466 ,10597 ,11763908 ,1249602 ,0 ,0 ,0 ,235221 ,0 ,1498079 ,2982902 ,14746810 
21 ,1998412 ,26027 ,64353 ,95 ,39538 ,0 ,0 ,24792 ,22 ,0 ,255 ,2851 ,21 ,963 ,0 ,22 ,33365 ,19349 ,191 ,13065 ,22803 ,45176 ,756 ,28 ,8300 ,0 ,150 ,450 ,50 ,0 ,3851 ,0 ,7 ,1468 ,10844 ,34426 ,1011 ,0 ,0 ,0 ,41 ,1149 ,0 ,0 ,5327 ,0 ,0 ,0 ,21763 ,26326 ,31181 ,721 ,0 ,0 ,107 ,16 ,678 ,13143 ,0 ,0 ,0 ,0 ,0 ,0 ,0 ,0 ,0 ,0 ,0 ,0 ,21962 ,0 ,600 ,32949 ,30637 ,5067 ,164900 ,2639 ,5879 ,164552 ,871 ,0 ,2883149 ,23502 ,0 ,0 ,0 ,48151 ,0 ,613736 ,685389 ,3568538 
22 ,158 ,1819 ,139 ,34206 ,1351 ,4228 ,88564 ,195065 ,10025 ,37738 ,370262 ,86404 ,125846 ,519520 ,398023 ,307730 ,466042 ,221416 ,52589 ,14114 ,20847 ,970550 ,1112869 ,258410 ,100791 ,295111 ,171765 ,545473 ,74601 ,20334 ,1517066 ,122676 ,241509 ,326889 ,227619 ,274818 ,298576 ,9851 ,44314 ,81069 ,78373 ,461283 ,348977 ,38984 ,628711 ,133094 ,18429 ,86023 ,47653 ,169311 ,1340280 ,340351 ,217293 ,340354 ,42733 ,5145 ,134968 ,408281 ,13808 ,30685 ,17392 ,23733 ,256352 ,72709 ,14958 ,28503 ,11701 ,0 ,13070 ,2033 ,253836 ,22373 ,183675 ,1027884 ,52648 ,176320 ,241973 ,102386 ,60214 ,117076 ,25274 ,1418060 ,18657283 ,3010410 ,0 ,0 ,0 ,-86371 ,0 ,6099134 ,9023173 ,27680456 
23 ,466364 ,50851 ,6939 ,156432 ,2650 ,3070 ,2723 ,1223958 ,462583 ,12804 ,506855 ,135105 ,34810 ,177138 ,179170 ,75327 ,207460 ,74825 ,13923 ,269776 ,67608 ,1089690 ,3210027 ,382923 ,104420 ,75105 ,51247 ,140974 ,46214 ,4561 ,1287679 ,1157190 ,584303 ,2428634 ,405226 ,1401968 ,421638 ,120191 ,1244483 ,1044135 ,1118701 ,6769465 ,328555 ,212854 ,1587717 ,262171 ,3721 ,1784 ,71879 ,182678 ,4445272 ,704562 ,2566305 ,99880 ,7871 ,589 ,153135 ,324259 ,8626 ,8997 ,11365 ,24681 ,18890 ,8465 ,25335 ,21621 ,8669 ,0 ,6447 ,13848 ,72393 ,26858 ,72478 ,76663 ,16334 ,107861 ,22332 ,29696 ,5358 ,11526 ,15907 ,326360 ,39113087 ,322778 ,0 ,0 ,0 ,282421 ,0 ,6287230 ,6892429 ,46005516 
24 ,4614 ,4253 ,157 ,12121 ,1144 ,1982 ,12631 ,27588 ,685 ,1093 ,56309 ,115253 ,3653 ,17504 ,11619 ,34482 ,29052 ,29011 ,114 ,10567 ,544 ,10721 ,63551 ,244442 ,72350 ,87584 ,94210 ,11294 ,4981 ,7296 ,325393 ,546834 ,299531 ,339787 ,28069 ,119799 ,37706 ,10213 ,103557 ,94480 ,80824 ,2146120 ,237367 ,121303 ,176891 ,53792 ,2095 ,247 ,17906 ,66518 ,129428 ,124067 ,60540 ,881696 ,23826 ,11287 ,164004 ,34659 ,742 ,0 ,0 ,5143 ,3641 ,1411 ,4050 ,4544 ,2850 ,0 ,1234 ,3459 ,17485 ,218 ,5616 ,51761 ,2767 ,6530 ,136305 ,1236 ,2227 ,4554 ,2844 ,528649 ,7996010 ,21158 ,0 ,0 ,0 ,-4940 ,0 ,4648855 ,4665073 ,12661083 
25 ,0 ,15601 ,0 ,496 ,762 ,0 ,0 ,96443 ,341169 ,0 ,1986 ,0 ,1424 ,156 ,527 ,2412 ,8762 ,2750 ,0 ,182691 ,6284 ,242245 ,45970 ,10613 ,607929 ,10632 ,2472 ,1119 ,2209 ,549 ,67351 ,36837 ,42579 ,387701 ,84023 ,8204811 ,168554 ,3229 ,176034 ,58919 ,157822 ,324024 ,177403 ,62059 ,213908 ,729 ,0 ,0 ,818 ,5410 ,1131230 ,162977 ,68864 ,1895 ,1623 ,10 ,21142 ,28369 ,7698 ,202 ,3504 ,5082 ,155 ,1708 ,2303 ,5840 ,8030 ,0 ,4435 ,259 ,35044 ,2927 ,11176 ,7230 ,2336 ,58678 ,9904 ,4544 ,2856 ,4287 ,7387 ,53392 ,13412499 ,51468 ,0 ,0 ,0 ,350520 ,0 ,770938 ,1172926 ,14585425 
26 ,1686 ,1231 ,71 ,537 ,459 ,49 ,540 ,2624 ,0 ,0 ,2982 ,5476 ,3151 ,75840 ,1979 ,73544 ,44383 ,6006 ,1102 ,199 ,1752 ,19226 ,7386 ,426 ,122857 ,2823017 ,806201 ,246449 ,70205 ,78303 ,148572 ,89344 ,13880 ,180332 ,60448 ,165665 ,16890 ,4252 ,19579 ,29851 ,8110 ,102902 ,43013 ,10890 ,78311 ,46365 ,0 ,24706 ,11080 ,160392 ,8479823 ,6706965 ,11954 ,990 ,0 ,265 ,2405 ,93298 ,0 ,0 ,0 ,0 ,0 ,0 ,0 ,0 ,0 ,0 ,0 ,0 ,70518 ,0 ,11847 ,0 ,13301 ,6030 ,8591 ,1801 ,0 ,1393 ,2795 ,5944 ,21030183 ,172975 ,0 ,0 ,0 ,-50752 ,0 ,1025817 ,1148040 ,22178223 
27 ,17684 ,41610 ,0 ,3719 ,1783 ,6190 ,1967 ,1917 ,645 ,1174 ,23154 ,5022 ,14980 ,10978 ,3932 ,110900 ,32866 ,11749 ,98 ,183 ,206 ,4253 ,34886 ,744644 ,2763 ,613289 ,60797768 ,10665788 ,109880 ,2401998 ,8880818 ,2779437 ,3316029 ,781745 ,27023 ,135778 ,79694 ,9721 ,57387 ,255274 ,88386 ,2232024 ,3489729 ,167175 ,642572 ,40094 ,16035 ,32641 ,1784 ,18464 ,5524784 ,6277373 ,5743 ,2410 ,10465 ,8898 ,25729 ,0 ,0 ,0 ,0 ,254 ,124 ,140 ,0 ,0 ,0 ,0 ,2196 ,163 ,51025 ,0 ,3099 ,361 ,0 ,2228 ,121 ,17958 ,93 ,284 ,463 ,58735 ,110710482 ,6757 ,0 ,0 ,0 ,1199697 ,0 ,15994042 ,17200496 ,127910978 
28 ,156 ,1731 ,0 ,199 ,30 ,2235 ,1194 ,11 ,0 ,0 ,576 ,0 ,221 ,1276 ,0 ,2569 ,1371 ,1446 ,0 ,17 ,116 ,2232 ,3438 ,1269 ,3686 ,66754 ,1380027 ,7307545 ,11441 ,23298 ,6893723 ,1825377 ,1356488 ,1512912 ,139543 ,396104 ,163611 ,27139 ,190247 ,345148 ,86380 ,2188586 ,921069 ,88930 ,728175 ,3007 ,1066 ,0 ,0 ,683 ,451958 ,332777 ,0 ,299 ,58 ,44 ,2897 ,0 ,0 ,0 ,0 ,0 ,0 ,68 ,0 ,0 ,0 ,0 ,0 ,0 ,93501 ,0 ,7540 ,0 ,585 ,0 ,0 ,2278 ,0 ,0 ,0 ,108260 ,26681291 ,1197 ,0 ,0 ,0 ,253289 ,0 ,12124010 ,12378496 ,39059787 
29 ,515 ,0 ,0 ,2391 ,0 ,509 ,0 ,4182 ,411 ,0 ,9184 ,0 ,879 ,24361 ,3199 ,23383 ,191564 ,3490 ,0 ,73396 ,1164 ,344317 ,117866 ,14751 ,47403 ,30044 ,104983 ,867726 ,5271510 ,600961 ,3899101 ,972632 ,341371 ,6377121 ,575249 ,166928 ,517980 ,16260 ,148796 ,141093 ,143249 ,735201 ,188786 ,91164 ,725525 ,13672 ,0 ,0 ,0 ,657659 ,881718 ,142459 ,536 ,0 ,0 ,2972 ,7214 ,3794 ,0 ,0 ,0 ,0 ,0 ,0 ,0 ,0 ,0 ,0 ,185 ,0 ,33319 ,0 ,1500 ,0 ,179 ,277 ,80119 ,313 ,0 ,0 ,0 ,16303 ,24620864 ,9555 ,0 ,0 ,0 ,-126211 ,32548 ,13335893 ,13251785 ,37872649 
30 ,0 ,0 ,0 ,0 ,0 ,0 ,222 ,0 ,0 ,0 ,954 ,0 ,0 ,4737 ,558 ,40398 ,12051 ,1350 ,195 ,526 ,341 ,1278 ,11282 ,1001 ,5470 ,3196 ,84009 ,14214 ,249325 ,127206 ,681641 ,1673539 ,1302937 ,318347 ,36674 ,44878 ,67590 ,2224 ,23017 ,55608 ,34740 ,893365 ,178026 ,58553 ,161877 ,13297 ,3756 ,178950 ,1105 ,3346 ,97597 ,217469 ,0 ,36 ,0 ,1 ,4296 ,3977 ,0 ,0 ,0 ,0 ,0 ,0 ,0 ,0 ,0 ,0 ,211 ,210 ,15978 ,0 ,0 ,0 ,4 ,140 ,356 ,0 ,0 ,0 ,0 ,63 ,6632121 ,2367 ,0 ,0 ,0 ,347753 ,0 ,247119 ,597239 ,7229360 
31 ,11521 ,7230 ,8162 ,5350 ,6735 ,23052 ,32225 ,558054 ,583922 ,2799 ,304934 ,149232 ,67910 ,72201 ,15481 ,944201 ,398369 ,114790 ,3968 ,162166 ,6390 ,406078 ,242302 ,494031 ,196551 ,408437 ,591320 ,645631 ,300575 ,120537 ,9459678 ,4522266 ,3782904 ,1741695 ,441639 ,870013 ,673142 ,75670 ,1065026 ,910072 ,1045438 ,7068027 ,4056168 ,568626 ,1794800 ,396916 ,40437 ,1812 ,35839 ,75939 ,10458165 ,8084785 ,684178 ,215298 ,102834 ,11777 ,243304 ,500303 ,53049 ,4247 ,20788 ,39991 ,10878 ,5449 ,156054 ,39349 ,31847 ,0 ,34925 ,21048 ,326799 ,19541 ,75300 ,90484 ,654615 ,106414 ,25149 ,90854 ,20037 ,35796 ,37928 ,589408 ,68300855 ,493126 ,0 ,2348759 ,1318030 ,594923 ,0 ,9271225 ,14026063 ,82326918 
32 ,222 ,24771 ,372 ,93498 ,3518 ,20786 ,18572 ,112663 ,24549 ,16923 ,33271 ,800 ,7046 ,51137 ,4051 ,688311 ,371337 ,64710 ,14942 ,14642 ,6174 ,50120 ,78007 ,101572 ,76390 ,108384 ,269763 ,206222 ,81303 ,19830 ,937300 ,7170425 ,2239884 ,462111 ,92703 ,251598 ,61919 ,22430 ,34059 ,686711 ,63185 ,2231753 ,4811950 ,284102 ,412567 ,201145 ,212789 ,321699 ,137902 ,469957 ,2925356 ,1789550 ,622716 ,44460 ,55047 ,16270 ,386879 ,97363 ,44505 ,3427 ,48184 ,91003 ,4896 ,2383 ,144590 ,170891 ,55805 ,7465 ,129778 ,22794 ,266293 ,7391 ,54607 ,168987 ,189395 ,106273 ,31275 ,29141 ,18718 ,34287 ,29332 ,684425 ,31953561 ,853339 ,0 ,7651812 ,150534 ,-253624 ,0 ,17915888 ,26317949 ,58271510 
33 ,74297 ,40315 ,4066 ,1026 ,15567 ,2435 ,14799 ,90756 ,9899 ,28356 ,64079 ,25847 ,6554 ,24337 ,11455 ,77063 ,13747 ,13717 ,987 ,4464 ,1835 ,14251 ,1529360 ,284223 ,111292 ,151626 ,145870 ,196978 ,119877 ,92904 ,1379997 ,1707965 ,5140878 ,624862 ,919906 ,233080 ,98608 ,8354 ,128141 ,95074 ,76927 ,722044 ,327191 ,62875 ,270515 ,30473 ,6620 ,1578 ,5953 ,47971 ,113222 ,244342 ,5852 ,4565 ,3486 ,770 ,23471 ,12454 ,0 ,0 ,0 ,2436 ,34268 ,698 ,2607 ,0 ,0 ,0 ,0 ,39933 ,396602 ,0 ,6815 ,6264 ,97157 ,70046 ,4614 ,13948 ,2660 ,23251 ,0 ,53431 ,16223886 ,9986 ,0 ,14323390 ,109952 ,775452 ,0 ,19649922 ,34868702 ,51092588 
34 ,1296 ,12623 ,484 ,99892 ,5765 ,12418 ,8656 ,18348 ,1047 ,1573 ,42978 ,1806 ,12557 ,26018 ,13994 ,158298 ,87540 ,24534 ,8086 ,12547 ,1271 ,13634 ,62683 ,13172 ,34957 ,141184 ,254213 ,93402 ,69087 ,14708 ,616099 ,2828181 ,2326556 ,11045211 ,350053 ,1148114 ,795162 ,419207 ,2168809 ,744372 ,791104 ,4237133 ,1456465 ,263151 ,510326 ,906024 ,24566 ,32928 ,32724 ,109482 ,4424416 ,3484747 ,251357 ,329756 ,46192 ,18619 ,259659 ,98234 ,1569319 ,83024 ,163947 ,69031 ,6773 ,13386 ,137600 ,93706 ,61334 ,0 ,82942 ,11434 ,265669 ,13992 ,186191 ,456154 ,68535 ,162758 ,27511 ,64134 ,110819 ,171308 ,48417 ,631384 ,45466786 ,186270 ,0 ,3781937 ,96281 ,571028 ,0 ,18986829 ,23622345 ,69089131 
35 ,0 ,0 ,0 ,0 ,0 ,0 ,0 ,16 ,0 ,0 ,0 ,0 ,0 ,19 ,1438 ,0 ,13 ,58 ,0 ,0 ,0 ,0 ,1372 ,0 ,0 ,0 ,0 ,350 ,830 ,0 ,19442 ,175203 ,237593 ,725872 ,7660395 ,1101460 ,214364 ,350216 ,1806003 ,141296 ,565328 ,185781 ,5676 ,19090 ,106040 ,8525 ,0 ,0 ,0 ,2470 ,0 ,15189 ,13114 ,0 ,0 ,3 ,171 ,0 ,32645 ,14408 ,52558 ,169502 ,235 ,7870 ,0 ,0 ,0 ,0 ,0 ,3061 ,427346 ,0 ,4513 ,0 ,1146 ,1259 ,0 ,0 ,0 ,941 ,0 ,140775 ,14213586 ,132149 ,0 ,0 ,0 ,-860112 ,0 ,49030125 ,48302162 ,62515748 
36 ,0 ,0 ,0 ,0 ,0 ,0 ,0 ,10 ,0 ,0 ,0 ,0 ,0 ,0 ,652 ,0 ,0 ,0 ,0 ,0 ,0 ,0 ,0 ,0 ,0 ,0 ,0 ,0 ,0 ,0 ,19975 ,269351 ,315681 ,99980 ,44902 ,24238121 ,150114 ,803524 ,8648604 ,77238 ,782031 ,232410 ,588 ,4782 ,77760 ,0 ,0 ,0 ,0 ,0 ,10188 ,8028 ,0 ,0 ,0 ,254 ,74 ,0 ,1393 ,863 ,804 ,1964 ,957 ,0 ,0 ,0 ,0 ,0 ,0 ,0 ,44232 ,0 ,321 ,0 ,88 ,4004 ,0 ,0 ,10 ,0 ,0 ,50796 ,35889699 ,0 ,0 ,0 ,0 ,2595396 ,0 ,63761662 ,66357058 ,102246757 
37 ,0 ,126 ,0 ,688 ,235 ,0 ,69 ,1076 ,28 ,0 ,1966 ,762 ,95 ,1320 ,6753 ,12862 ,2440 ,301 ,94 ,61 ,0 ,3475 ,1983 ,27 ,9442 ,1650 ,27877 ,15293 ,1779 ,242 ,24278 ,306960 ,349817 ,772831 ,2049864 ,2087567 ,2084694 ,296775 ,1642426 ,207598 ,704714 ,282750 ,13833 ,22387 ,124591 ,57356 ,887 ,155 ,1470 ,4414 ,43823 ,121521 ,49452 ,5848 ,1426 ,705 ,26029 ,2721 ,124777 ,29104 ,94065 ,84040 ,1493 ,26237 ,72425 ,14102 ,428 ,0 ,4686 ,2774 ,99379 ,23038 ,41468 ,38968 ,2748 ,67625 ,8875 ,12601 ,6553 ,7523 ,12949 ,233793 ,12387187 ,44226 ,0 ,0 ,0 ,-417810 ,0 ,7667787 ,7294203 ,19681390 
38 ,0 ,0 ,0 ,144 ,724 ,0 ,0 ,321 ,0 ,0 ,176 ,88 ,0 ,1151 ,5845 ,9035 ,4377 ,1026 ,142 ,96 ,67 ,646 ,2608 ,21 ,1371 ,851 ,10309 ,2065 ,1028 ,0 ,2828 ,25212 ,32910 ,11131 ,3982 ,20033 ,15899 ,198774 ,125279 ,5378 ,48588 ,99698 ,1858 ,2878 ,20113 ,9446 ,1084 ,151 ,1439 ,27486 ,13537 ,7204 ,58200 ,10698 ,3062 ,4520 ,24991 ,6098 ,61668 ,32973 ,175115 ,958292 ,5838 ,1823 ,139552 ,116754 ,57433 ,0 ,10073 ,3632 ,42015 ,14735 ,55426 ,108514 ,107703 ,82541 ,14701 ,27928 ,10454 ,8863 ,34426 ,65449 ,2960476 ,120342 ,0 ,31135 ,383593 ,-169366 ,0 ,6360352 ,6726056 ,9686532 
39 ,1831 ,461 ,0 ,3700 ,1218 ,0 ,406 ,19427 ,178 ,1514 ,8071 ,1051 ,91 ,3929 ,2231 ,43549 ,28385 ,12138 ,688 ,284 ,152 ,4545 ,6838 ,177 ,5000 ,8445 ,25111 ,33705 ,8240 ,830 ,28741 ,47880 ,80790 ,20038 ,26695 ,161070 ,101077 ,135840 ,7903397 ,29087 ,83014 ,698776 ,149247 ,39159 ,56848 ,117611 ,7229 ,1956 ,15700 ,56990 ,266273 ,315618 ,605670 ,73581 ,14378 ,6464 ,132601 ,80534 ,1086150 ,101764 ,155726 ,77873 ,3467 ,19680 ,156492 ,88048 ,48562 ,0 ,42274 ,8302 ,348528 ,73232 ,51179 ,92283 ,168745 ,225268 ,23255 ,46678 ,28547 ,75974 ,45504 ,182873 ,14628863 ,10952467 ,0 ,3412552 ,1086840 ,1767513 ,0 ,36366204 ,53585576 ,68214439 
40 ,269 ,2802 ,0 ,1713 ,1165 ,13 ,0 ,2127 ,82 ,0 ,10616 ,1394 ,295 ,420 ,162 ,7550 ,6602 ,0 ,0 ,210 ,6 ,1380 ,7169 ,443 ,4148 ,2286 ,4365 ,424 ,1364 ,0 ,22203 ,28190 ,5358 ,4143 ,984 ,4776 ,438 ,76 ,3809 ,1445869 ,666 ,12037 ,63953 ,715 ,11307 ,37335 ,3387 ,0 ,8583 ,10874 ,498090 ,291362 ,377434 ,15064 ,7986 ,408 ,123297 ,324601 ,2303 ,29 ,2058 ,1576 ,0 ,1723 ,7070 ,47 ,17 ,26877 ,11743 ,2543 ,273118 ,488 ,4120 ,68146 ,1759 ,328088 ,98011 ,167747 ,7559 ,26797 ,35090 ,412921 ,4839780 ,2443011 ,0 ,764889 ,22798 ,260837 ,0 ,5472426 ,8963961 ,13803741 
41 ,9107 ,34764 ,156 ,10037 ,2930 ,0 ,461 ,18686 ,1876 ,2478 ,11050 ,1791 ,88 ,9525 ,5192 ,161333 ,107831 ,33238 ,2571 ,2845 ,1119 ,10941 ,32860 ,1259 ,13823 ,13601 ,70875 ,44610 ,25549 ,4478 ,177245 ,328890 ,795670 ,321457 ,54832 ,444827 ,32558 ,11364 ,139124 ,188303 ,785115 ,322250 ,559406 ,72077 ,118616 ,242471 ,49944 ,103523 ,8446 ,60220 ,319288 ,314402 ,437764 ,39506 ,16533 ,3339 ,133288 ,101390 ,176391 ,24022 ,36068 ,55809 ,12218 ,48201 ,92319 ,95710 ,33397 ,0 ,20117 ,27584 ,513788 ,49379 ,804350 ,113322 ,238652 ,512747 ,970800 ,224800 ,31659 ,27590 ,31819 ,79286 ,11036950 ,488772 ,0 ,1451778 ,589849 ,115808 ,0 ,7006965 ,9653172 ,20690122 
42 ,9659 ,8769 ,3424 ,6910 ,3697 ,2492 ,52344 ,37980 ,5267 ,4157 ,23686 ,3824 ,12305 ,37514 ,15131 ,65519 ,23318 ,12763 ,1166 ,23183 ,1384 ,43766 ,66236 ,1747 ,2592 ,207061 ,38385 ,9486 ,23871 ,6508 ,142852 ,163231 ,479225 ,21405 ,3435 ,53888 ,1599 ,1720 ,15160 ,10031 ,4713 ,42507868 ,11362 ,2900 ,88353 ,24948 ,2368 ,30709 ,90202 ,211022 ,87250 ,117326 ,703732 ,1951362 ,1391 ,34 ,414061 ,14971 ,11527 ,8400 ,5198 ,57583 ,53770 ,20815 ,55323 ,50501 ,9796 ,0 ,26421 ,118839 ,66420 ,25080 ,40567 ,53844 ,88102 ,34892 ,136359 ,56130 ,10329 ,174300 ,39720 ,2983508 ,52038686 ,20361096 ,0 ,15269271 ,1124554 ,420520 ,0 ,62478402 ,99653843 ,151692529 
43 ,0 ,0 ,0 ,185718 ,0 ,0 ,36290 ,0 ,0 ,0 ,0 ,0 ,0 ,0 ,0 ,0 ,0 ,0 ,0 ,0 ,0 ,0 ,0 ,0 ,0 ,0 ,0 ,0 ,0 ,0 ,0 ,0 ,0 ,0 ,0 ,0 ,0 ,0 ,0 ,0 ,0 ,0 ,3773096 ,0 ,0 ,0 ,0 ,0 ,0 ,0 ,0 ,0 ,0 ,0 ,801599 ,0 ,9945 ,0 ,0 ,0 ,0 ,0 ,0 ,0 ,0 ,0 ,0 ,0 ,0 ,11699 ,183005 ,0 ,0 ,0 ,111735 ,0 ,0 ,0 ,0 ,0 ,0 ,0 ,5113087 ,0 ,0 ,512485 ,1111435 ,-47500 ,0 ,50798573 ,52374993 ,57488080 
44 ,20494 ,14849 ,715 ,520 ,773 ,18060 ,626 ,684 ,240 ,0 ,0 ,118 ,951 ,3035 ,0 ,3334 ,295 ,382 ,0 ,0 ,424 ,0 ,0 ,390 ,8223 ,26264 ,45 ,0 ,515 ,1146 ,1714 ,22155 ,6164 ,7563 ,830 ,20 ,930 ,0 ,1799 ,2048 ,221 ,38861 ,916 ,1166417 ,1895 ,12224 ,8943 ,804 ,4947 ,9142 ,5550 ,7875 ,113418 ,268638 ,1706 ,386085 ,36348 ,9503 ,21500 ,0 ,265 ,1409 ,0 ,0 ,0 ,0 ,0 ,0 ,50 ,4702 ,145729 ,0 ,962 ,8849 ,335475 ,18968 ,18578 ,16898 ,18 ,19989 ,1575 ,48041 ,2861807 ,131425 ,0 ,2001244 ,975657 ,384018 ,0 ,1814736 ,5307080 ,8168887 
45 ,417 ,1222 ,7 ,3247 ,1764 ,9581 ,33567 ,1331189 ,60651 ,30318 ,4652924 ,402681 ,179812 ,542463 ,2673 ,34520 ,217673 ,279170 ,50042 ,169220 ,23092 ,194443 ,1168984 ,141897 ,180419 ,322165 ,503098 ,761750 ,343789 ,162583 ,1811964 ,1074370 ,1657467 ,939676 ,167456 ,1575715 ,563325 ,94639 ,1090181 ,141702 ,417983 ,4652501 ,3725233 ,122822 ,5237262 ,7845 ,2008 ,293 ,41931 ,82141 ,1428413 ,62458 ,572850 ,51309 ,7098 ,3274 ,98146 ,625883 ,40805 ,65442 ,25309 ,33679 ,2984 ,11205 ,117044 ,147024 ,42539 ,73297 ,50559 ,47443 ,92749 ,52559 ,107497 ,97572 ,103948 ,1490738 ,64327 ,186843 ,121785 ,424371 ,100681 ,75268 ,41636974 ,2322006 ,0 ,1278298 ,230804 ,210110 ,645110 ,5166876 ,9853204 ,51490178 
46 ,64177 ,78081 ,6815 ,22939 ,121984 ,16950 ,75419 ,442059 ,35761 ,8286 ,915833 ,36146 ,131781 ,579212 ,70275 ,870789 ,980854 ,385090 ,116590 ,84857 ,39404 ,171158 ,435936 ,56248 ,157013 ,441319 ,2543035 ,611093 ,806910 ,73747 ,777584 ,191051 ,301698 ,313523 ,421223 ,897256 ,165348 ,44326 ,232928 ,30828 ,82277 ,564407 ,216106 ,24885 ,422688 ,556767 ,64476 ,476437 ,180413 ,222191 ,233441 ,108618 ,3028870 ,379859 ,19378 ,9597 ,944358 ,929561 ,563300 ,134984 ,153479 ,121802 ,40851 ,44462 ,325766 ,508613 ,67179 ,48875 ,2551512 ,49240 ,1061698 ,144990 ,152678 ,304364 ,801219 ,2357533 ,796124 ,441959 ,224467 ,559084 ,120405 ,423520 ,34217959 ,8573570 ,0 ,0 ,0 ,0 ,0 ,83761 ,8657331 ,42875290 
47 ,3690 ,268 ,11 ,4140 ,2255 ,205 ,2185 ,100893 ,27673 ,3486 ,297214 ,11038 ,5363 ,132078 ,11838 ,470690 ,944368 ,276136 ,19680 ,20963 ,7153 ,66753 ,168926 ,12267 ,220186 ,110902 ,484369 ,153271 ,355252 ,24391 ,584109 ,142537 ,72398 ,252302 ,151126 ,491319 ,36268 ,11366 ,86532 ,50314 ,32332 ,216712 ,50724 ,13473 ,143822 ,8582906 ,1192612 ,18972 ,10636 ,64450 ,91071 ,87973 ,251451 ,607225 ,2790 ,4196 ,46371 ,1399951 ,28961 ,12959 ,6414 ,17207 ,25325 ,8438 ,65206 ,72938 ,16854 ,16371 ,268989 ,17426 ,161188 ,23158 ,50826 ,43979 ,100958 ,800553 ,394298 ,593256 ,26003 ,663702 ,74374 ,251084 ,22374049 ,8491099 ,0 ,0 ,0 ,0 ,0 ,18034 ,8509133 ,30883182 
48 ,2265 ,29755 ,33 ,16257 ,6455 ,414 ,341 ,16177 ,1902 ,1775 ,9125 ,1367 ,471 ,4986 ,1716 ,20393 ,29952 ,10335 ,554 ,1289 ,836 ,1807 ,15033 ,292 ,5403 ,33063 ,42857 ,36262 ,4673 ,691 ,44304 ,16981 ,7099 ,5043 ,2972 ,36540 ,1225 ,871 ,6127 ,2104 ,547 ,56728 ,3714 ,2991 ,33571 ,48303 ,7610 ,2228 ,20032 ,33373 ,29854 ,15573 ,541693 ,30646 ,1891 ,181 ,24393 ,32308 ,59652 ,3751 ,4892 ,8210 ,4268 ,2937 ,122319 ,251439 ,29282 ,14704 ,5296 ,8154 ,92223 ,11963 ,63798 ,57815 ,325878 ,84364 ,379763 ,48218 ,11021 ,14441 ,4526 ,1832 ,2916127 ,1351678 ,0 ,0 ,0 ,0 ,0 ,2919 ,1354597 ,4270724 
49 ,0 ,703 ,0 ,1200 ,10687 ,0 ,125 ,32856 ,3842 ,1713 ,27378 ,5531 ,607 ,5463 ,2078 ,15376 ,123329 ,20851 ,3598 ,697 ,455 ,12315 ,15338 ,789 ,9031 ,13586 ,33435 ,6670 ,24012 ,1225 ,43794 ,7755 ,3873 ,2119 ,4073 ,2218 ,4514 ,837 ,4100 ,6156 ,2203 ,84800 ,1295 ,569 ,48405 ,56783 ,8275 ,2077 ,273068 ,369256 ,45429 ,42535 ,0 ,66801 ,304 ,0 ,45589 ,0 ,0 ,0 ,0 ,0 ,0 ,0 ,0 ,0 ,0 ,0 ,77736 ,0 ,89 ,0 ,0 ,0 ,93330 ,153075 ,134631 ,70627 ,14459 ,22773 ,0 ,14566 ,2081004 ,1600563 ,649543 ,0 ,0 ,0 ,0 ,2853 ,2252959 ,4333963 
50 ,2617 ,7297 ,7 ,3824 ,31930 ,87 ,4073 ,188948 ,149215 ,2808 ,71854 ,3258 ,26281 ,686863 ,6220 ,45394 ,442520 ,138847 ,17973 ,16620 ,115244 ,214038 ,501530 ,67659 ,91581 ,351834 ,2414586 ,9781 ,778009 ,115910 ,456704 ,55150 ,54013 ,131280 ,15490 ,2587 ,29829 ,1531 ,12598 ,19181 ,25466 ,219010 ,85139 ,2409 ,174883 ,128041 ,11175 ,3494 ,227993 ,133223 ,43905 ,83598 ,108089 ,83741 ,536 ,140 ,43251 ,624645 ,59099 ,2525 ,1838 ,6096 ,10758 ,19466 ,111944 ,32784 ,17 ,0 ,412708 ,2095 ,57293 ,5817 ,22509 ,35767 ,103652 ,253378 ,481123 ,106362 ,41678 ,32477 ,397 ,151224 ,11234916 ,884687 ,33604 ,0 ,0 ,0 ,0 ,36255 ,954546 ,12189462 
51 ,59518 ,27564 ,4735 ,11193 ,1190 ,2387 ,7638 ,42846 ,10461 ,2619 ,31128 ,2931 ,3325 ,17001 ,7358 ,60733 ,66534 ,27299 ,3791 ,12181 ,2486 ,22464 ,47546 ,14389 ,30665 ,17225 ,55388 ,17094 ,19525 ,5419 ,53804 ,55031 ,49400 ,96759 ,207222 ,227611 ,19548 ,7378 ,79155 ,11191 ,22412 ,140962 ,71644 ,8399 ,23030 ,166013 ,43060 ,27198 ,8860 ,12729 ,58015 ,38423 ,156960 ,90017 ,39604 ,23445 ,62479 ,48101 ,163620 ,14706 ,12212 ,89994 ,9234 ,6573 ,60457 ,16431 ,10116 ,3881142 ,92481 ,37275 ,172962 ,12907 ,33520 ,19217 ,2103242 ,468226 ,98597 ,116518 ,78320 ,30646 ,4125 ,18863 ,10034467 ,0 ,0 ,85633364 ,17259312 ,996645 ,0 ,15675 ,103904996 ,113939463 
52 ,0 ,0 ,0 ,0 ,0 ,0 ,0 ,0 ,0 ,0 ,0 ,0 ,0 ,0 ,0 ,0 ,0 ,0 ,0 ,0 ,0 ,0 ,0 ,0 ,0 ,0 ,0 ,0 ,0 ,0 ,0 ,0 ,0 ,0 ,0 ,0 ,0 ,0 ,0 ,0 ,0 ,0 ,0 ,0 ,0 ,0 ,0 ,0 ,0 ,0 ,0 ,0 ,0 ,0 ,0 ,0 ,0 ,0 ,0 ,0 ,0 ,0 ,0 ,0 ,0 ,0 ,0 ,0 ,0 ,0 ,0 ,0 ,0 ,0 ,0 ,0 ,0 ,0 ,0 ,0 ,0 ,0 ,0 ,0 ,0 ,49612872 ,30983438 ,0 ,0 ,353816 ,80950126 ,80950126 
53 ,579478 ,1070034 ,20280 ,310119 ,35421 ,8468 ,58347 ,7898668 ,844197 ,96419 ,4248362 ,656778 ,372500 ,1359571 ,511977 ,1787361 ,2394378 ,962004 ,208674 ,1699311 ,236877 ,1853457 ,2265775 ,745201 ,806447 ,1100308 ,1634590 ,867289 ,556821 ,225846 ,3941185 ,3310715 ,2198082 ,3897667 ,1314680 ,2575109 ,962937 ,439328 ,4391284 ,1055155 ,1461166 ,7489132 ,2108210 ,423668 ,2796327 ,628990 ,144635 ,109128 ,112009 ,296689 ,4868647 ,2269283 ,2297475 ,1694470 ,731529 ,68020 ,581811 ,6414813 ,6159773 ,108367 ,133606 ,675502 ,475795 ,217204 ,365150 ,308053 ,124273 ,0 ,150065 ,100106 ,1013691 ,670210 ,518196 ,584059 ,690897 ,1209060 ,4044648 ,365588 ,209707 ,698156 ,192725 ,1192429 ,114204362 ,60549509 ,0 ,10205835 ,1293608 ,1624696 ,81101 ,12719000 ,86473749 ,200678111 
54 ,30735 ,58588 ,3575 ,33755 ,15191 ,20039 ,258316 ,1328650 ,143229 ,26007 ,524522 ,181540 ,137458 ,613491 ,184520 ,674419 ,851957 ,611936 ,47623 ,102760 ,116447 ,357698 ,583163 ,198240 ,188765 ,1613519 ,951686 ,455764 ,502922 ,121173 ,933450 ,508118 ,537819 ,435836 ,73054 ,596406 ,112723 ,35940 ,460341 ,130972 ,89184 ,1068923 ,418803 ,62963 ,594837 ,61530 ,6052 ,6725 ,28706 ,581446 ,555061 ,650848 ,5271680 ,352123 ,62834 ,12682 ,397172 ,136701 ,84271 ,19064 ,38158 ,85599 ,143737 ,12818 ,649322 ,580273 ,128885 ,55 ,116630 ,104861 ,267747 ,178460 ,586866 ,522782 ,770003 ,321880 ,78464 ,251550 ,27630 ,44588 ,167853 ,57202 ,30359315 ,16586421 ,0 ,169564 ,32685 ,63960 ,634 ,947136 ,17800400 ,48159715 
55 ,1552 ,12507 ,413 ,6003 ,296 ,5813 ,17258 ,106272 ,7901 ,495 ,26376 ,10119 ,9284 ,44596 ,13145 ,291532 ,110633 ,29089 ,2732 ,3489 ,7827 ,30711 ,47686 ,14581 ,8185 ,249722 ,142803 ,63658 ,19599 ,8337 ,77560 ,42612 ,42481 ,43991 ,3608 ,35361 ,6229 ,2643 ,19509 ,15657 ,5178 ,42919 ,56704 ,4864 ,34655 ,5158 ,348 ,23 ,76 ,18118 ,22105 ,46877 ,256883 ,7848 ,12098 ,787 ,3745 ,641 ,43 ,4 ,11 ,117 ,291 ,24 ,127 ,80 ,24 ,0 ,365 ,1136 ,363 ,170 ,1038 ,297 ,3024 ,480 ,427 ,123 ,63 ,110 ,34 ,1082 ,2110725 ,235548 ,0 ,2301 ,81 ,2088 ,2 ,33337008 ,33577028 ,35687753 
56 ,2882 ,811 ,13 ,15981 ,1522 ,10 ,1388 ,45974 ,12477 ,912 ,71221 ,10406 ,6518 ,12774 ,12290 ,58120 ,26300 ,11383 ,2073 ,73042 ,1335 ,34364 ,58860 ,22165 ,21562 ,33154 ,44266 ,2860 ,15117 ,1998 ,75210 ,112065 ,105851 ,94500 ,24653 ,35759 ,27048 ,12030 ,106291 ,25400 ,37085 ,35761 ,11839 ,4804 ,24668 ,17641 ,2398 ,788 ,1968 ,1686 ,26823 ,41286 ,2385308 ,271162 ,1086 ,2635 ,85623 ,16795 ,153790 ,16887 ,23135 ,119076 ,99775 ,16328 ,335114 ,47425 ,27563 ,0 ,12334 ,13095 ,169085 ,210719 ,199595 ,84734 ,152975 ,69845 ,35634 ,13691 ,17847 ,10471 ,76232 ,8978 ,6104269 ,229978 ,0 ,41 ,3 ,2 ,0 ,9591024 ,9821048 ,15925317 
57 ,65538 ,86418 ,3923 ,138152 ,12099 ,16057 ,131515 ,952219 ,120324 ,13690 ,545418 ,110507 ,65630 ,174738 ,49979 ,794742 ,422872 ,227048 ,30475 ,219393 ,56855 ,419763 ,462665 ,125528 ,130340 ,508993 ,536967 ,402357 ,276990 ,58580 ,824568 ,416679 ,449517 ,417356 ,506558 ,629812 ,88888 ,36729 ,321132 ,75332 ,162039 ,519160 ,246499 ,32259 ,348816 ,120553 ,16322 ,1393 ,25275 ,159096 ,116720 ,190207 ,5983850 ,2773989 ,787401 ,296138 ,828768 ,74998 ,80281 ,6544 ,2795 ,131263 ,71463 ,14304 ,250910 ,23333 ,21470 ,56 ,41314 ,61469 ,56000 ,107932 ,138230 ,104509 ,15628 ,70671 ,55569 ,17250 ,6346 ,26627 ,31638 ,30328 ,24975759 ,2179375 ,0 ,108547 ,7422 ,4588 ,501 ,822374 ,3122807 ,28098566 
58 ,50875 ,36397 ,4246 ,47767 ,53582 ,4376 ,33579 ,181494 ,56818 ,17768 ,336783 ,34078 ,34660 ,101539 ,119085 ,148826 ,476726 ,273541 ,26856 ,55689 ,14256 ,106808 ,224809 ,29185 ,58513 ,173357 ,256308 ,145822 ,187635 ,25706 ,353792 ,346924 ,222277 ,157763 ,63003 ,428935 ,46381 ,30143 ,341528 ,43642 ,74909 ,612831 ,71191 ,24965 ,472138 ,134494 ,23070 ,19620 ,88738 ,136959 ,186449 ,264934 ,5814825 ,174227 ,102352 ,12531 ,931360 ,405710 ,337569 ,138445 ,94952 ,433034 ,194188 ,71801 ,1300230 ,858787 ,219916 ,0 ,306762 ,63201 ,2033137 ,216733 ,1128296 ,1396626 ,1589330 ,3741605 ,410111 ,699854 ,204551 ,642058 ,1386685 ,278990 ,32649636 ,45995554 ,1698040 ,0 ,0 ,0 ,0 ,6559940 ,54253534 ,86903170 
59 ,13115 ,31083 ,691 ,11501 ,63827 ,1431 ,2338 ,76300 ,6084 ,19520 ,99507 ,10654 ,7642 ,44971 ,23330 ,158228 ,47427 ,38485 ,9433 ,53385 ,23256 ,20857 ,64115 ,3213 ,28230 ,112420 ,99982 ,36113 ,24212 ,4616 ,92654 ,67263 ,29540 ,53334 ,58405 ,259624 ,13618 ,6658 ,91843 ,17515 ,13671 ,226983 ,14741 ,7441 ,110559 ,107555 ,9745 ,10122 ,30331 ,116300 ,127992 ,125500 ,10701283 ,183995 ,55736 ,4040 ,501101 ,371345 ,3970204 ,387728 ,477839 ,320882 ,91340 ,35387 ,1441993 ,821189 ,358603 ,0 ,251942 ,133880 ,375916 ,601414 ,509259 ,1116626 ,996694 ,728218 ,159931 ,384611 ,60235 ,99447 ,161836 ,72118 ,28102152 ,15108107 ,0 ,0 ,0 ,0 ,0 ,771067 ,15879174 ,43981326 
60 ,613 ,402 ,53 ,179 ,34 ,15 ,76 ,1802 ,199 ,78 ,1249 ,161 ,151 ,532 ,193 ,2461 ,1537 ,926 ,109 ,333 ,84 ,653 ,1130 ,310 ,355 ,541 ,1549 ,961 ,885 ,179 ,1990 ,1400 ,1215 ,1681 ,1540 ,2469 ,481 ,227 ,1607 ,329 ,495 ,3415 ,1389 ,183 ,2347 ,1028 ,735 ,104 ,36 ,295 ,2536 ,1796 ,856624 ,1396 ,897 ,389 ,742 ,2020 ,946 ,961390 ,1364 ,817 ,188 ,111 ,1132 ,0 ,0 ,0 ,1082 ,228 ,1771 ,3694677 ,761 ,925 ,32886 ,1171 ,1657 ,279 ,90 ,469 ,142105 ,708 ,5751873 ,2163154 ,0 ,0 ,0 ,0 ,0 ,251012 ,2414166 ,8166039 
61 ,1784 ,1216 ,266 ,1236 ,3176 ,581 ,1279 ,17567 ,6619 ,5344 ,34064 ,2721 ,1917 ,12513 ,12369 ,43968 ,32193 ,11464 ,1308 ,4574 ,2227 ,22806 ,27806 ,1747 ,2581 ,13021 ,55492 ,23268 ,12722 ,1265 ,27785 ,41579 ,21783 ,20819 ,21235 ,120071 ,10685 ,2396 ,30230 ,5445 ,14521 ,56372 ,6556 ,2714 ,37289 ,19504 ,3867 ,565 ,5586 ,16358 ,29263 ,23896 ,635288 ,72106 ,9894 ,6071 ,59706 ,140892 ,499628 ,58622 ,116716 ,557589 ,35530 ,33285 ,738021 ,280270 ,294724 ,0 ,30680 ,16391 ,99247 ,329493 ,73936 ,61740 ,438047 ,323674 ,23973 ,20247 ,13859 ,17051 ,25074 ,7644 ,5897011 ,1490672 ,0 ,0 ,0 ,0 ,0 ,93047 ,1583719 ,7480730 
62 ,960 ,1153 ,239 ,1993 ,2728 ,2798 ,2032 ,66412 ,4148 ,5216 ,40879 ,626 ,1471 ,22698 ,17189 ,125763 ,81657 ,15131 ,559 ,5654 ,3581 ,18976 ,61790 ,430 ,6634 ,21849 ,44870 ,77426 ,20775 ,2511 ,54396 ,59400 ,68309 ,25955 ,32949 ,1342035 ,17723 ,165841 ,598752 ,9054 ,24637 ,134187 ,7646 ,5962 ,184689 ,108384 ,11504 ,18853 ,19922 ,110043 ,98259 ,87999 ,1233423 ,171668 ,17556 ,5241 ,250131 ,25644 ,1254008 ,46979 ,559438 ,2069720 ,19114 ,14622 ,1504142 ,1095768 ,548230 ,0 ,87816 ,37978 ,330938 ,47922 ,100145 ,46536 ,577436 ,513224 ,35399 ,68454 ,20947 ,168580 ,64522 ,10657 ,14770885 ,2858242 ,0 ,13544064 ,260213 ,0 ,0 ,977931 ,17640450 ,32411335 
63 ,235 ,787 ,79 ,1130 ,5504 ,51 ,443 ,17486 ,1175 ,4183 ,9263 ,2171 ,782 ,4070 ,3017 ,28954 ,16311 ,4660 ,263 ,1703 ,481 ,5571 ,8297 ,320 ,2858 ,7495 ,17540 ,6502 ,4444 ,746 ,20094 ,13285 ,4172 ,10858 ,6963 ,39649 ,2426 ,4535 ,11142 ,4818 ,3318 ,22159 ,3041 ,1978 ,34451 ,9014 ,1663 ,306 ,2557 ,34260 ,25460 ,25911 ,721455 ,37140 ,4893 ,15509 ,101672 ,55665 ,60518 ,14265 ,38547 ,19823 ,82787 ,5371 ,149404 ,100614 ,75851 ,0 ,20775 ,10669 ,377336 ,1499303 ,101721 ,122468 ,178558 ,448321 ,34884 ,67409 ,172208 ,16787 ,94192 ,37350 ,5104076 ,2064065 ,0 ,0 ,0 ,63079 ,0 ,460209 ,2587353 ,7691429 
64 ,0 ,0 ,0 ,279 ,228 ,31 ,142 ,801 ,248 ,79 ,1433 ,152 ,153 ,433 ,2234 ,580 ,1046 ,1696 ,119 ,250 ,59 ,452 ,974 ,129 ,249 ,742 ,1204 ,611 ,780 ,113 ,1475 ,1489 ,942 ,671 ,275 ,1882 ,196 ,122 ,1417 ,187 ,317 ,2684 ,310 ,113 ,2067 ,462 ,100 ,45 ,315 ,540 ,838 ,1171 ,23059 ,1289 ,414 ,850 ,3425 ,3490 ,1618 ,242545 ,291 ,4701 ,852 ,576860 ,5130 ,3802 ,690 ,0 ,1493 ,178797 ,7980 ,293821 ,4202 ,4286 ,64621 ,63753 ,1830 ,2078 ,113996 ,407087 ,5200 ,1139 ,2052134 ,1624077 ,0 ,1155043 ,0 ,0 ,0 ,178299 ,2957419 ,5009553 
65 ,374197 ,249251 ,34490 ,128660 ,10316 ,47167 ,83812 ,562260 ,104953 ,18363 ,501270 ,68175 ,97868 ,234434 ,93573 ,261714 ,354961 ,202176 ,34917 ,191321 ,28567 ,236463 ,386607 ,115613 ,135076 ,323308 ,469239 ,358457 ,243662 ,62571 ,826436 ,630888 ,543226 ,548512 ,393207 ,381724 ,148421 ,133857 ,367917 ,199259 ,177947 ,1376827 ,795510 ,76284 ,589091 ,430993 ,258789 ,9656 ,71834 ,161434 ,2289116 ,1609984 ,4535974 ,476346 ,530927 ,276645 ,532052 ,796067 ,497356 ,93758 ,91082 ,106882 ,147565 ,85845 ,5425415 ,1920106 ,413271 ,8390019 ,4812859 ,96710 ,193254 ,468645 ,453112 ,497740 ,1481410 ,770913 ,925570 ,308054 ,128357 ,550521 ,365642 ,622922 ,54029372 ,19168665 ,0 ,0 ,0 ,0 ,0 ,725136 ,19893801 ,73923173 
66 ,8758 ,19191 ,3492 ,20205 ,2421 ,1077 ,25494 ,154929 ,28186 ,901 ,187356 ,23123 ,38646 ,56942 ,61803 ,53960 ,58062 ,48937 ,9462 ,65230 ,8547 ,74860 ,124934 ,35772 ,14564 ,87346 ,37430 ,26619 ,29114 ,20520 ,205392 ,180689 ,177207 ,153779 ,107753 ,34675 ,48323 ,30704 ,40178 ,134129 ,77575 ,211458 ,107318 ,21543 ,180930 ,16875 ,26915 ,31 ,22900 ,139236 ,314525 ,576927 ,2516361 ,563700 ,92355 ,24520 ,223963 ,293137 ,33448 ,15288 ,38038 ,31595 ,29795 ,25862 ,223330 ,628621 ,104731 ,331922 ,811631 ,242832 ,49668 ,320605 ,320714 ,561377 ,53300 ,111978 ,695251 ,9248 ,24581 ,88048 ,1148 ,186904 ,12790894 ,24079511 ,0 ,0 ,0 ,0 ,0 ,735405 ,24814916 ,37605810 
67 ,32720 ,20022 ,3010 ,11104 ,910 ,3964 ,6689 ,89708 ,11828 ,5377 ,82185 ,10805 ,11216 ,34591 ,7103 ,91049 ,90256 ,27534 ,7238 ,24931 ,4015 ,44102 ,50807 ,14500 ,21056 ,41778 ,79743 ,33935 ,51686 ,11751 ,114116 ,87992 ,70310 ,92573 ,48652 ,147517 ,32262 ,12108 ,86125 ,28947 ,24667 ,145355 ,76928 ,12676 ,72035 ,76482 ,53170 ,5367 ,8972 ,20880 ,200830 ,144581 ,421722 ,60377 ,78623 ,42936 ,51922 ,115389 ,99533 ,14280 ,14626 ,16590 ,12832 ,10264 ,2144163 ,5349797 ,1488171 ,430688 ,320687 ,9561 ,65640 ,53623 ,64543 ,75946 ,111223 ,143775 ,142627 ,38987 ,15094 ,45247 ,29520 ,41750 ,13998294 ,5987476 ,0 ,0 ,0 ,0 ,0 ,1247749 ,7235225 ,21233519 
68 ,0 ,0 ,0 ,0 ,0 ,0 ,0 ,0 ,0 ,0 ,0 ,0 ,0 ,0 ,0 ,0 ,0 ,0 ,0 ,0 ,0 ,0 ,0 ,0 ,0 ,0 ,0 ,0 ,0 ,0 ,0 ,0 ,0 ,0 ,0 ,0 ,0 ,0 ,0 ,0 ,0 ,0 ,0 ,0 ,0 ,0 ,0 ,0 ,0 ,0 ,0 ,0 ,0 ,0 ,0 ,0 ,0 ,0 ,0 ,0 ,0 ,0 ,0 ,0 ,0 ,0 ,0 ,0 ,0 ,0 ,0 ,0 ,0 ,0 ,0 ,0 ,0 ,0 ,0 ,0 ,0 ,0 ,0 ,80715396 ,0 ,0 ,0 ,0 ,0 ,380637 ,81096033 ,81096033 
69 ,10939 ,11519 ,4165 ,6288 ,2527 ,1344 ,8013 ,306959 ,46815 ,17738 ,566968 ,72984 ,28130 ,54201 ,92950 ,99893 ,111520 ,70780 ,15352 ,78295 ,21962 ,120435 ,97613 ,23085 ,14783 ,79088 ,40671 ,85720 ,38034 ,11943 ,108474 ,106844 ,93269 ,90760 ,56765 ,29553 ,41618 ,43623 ,40601 ,200982 ,45984 ,131182 ,26149 ,12732 ,206483 ,46922 ,23418 ,0 ,31191 ,102221 ,295901 ,546706 ,10420993 ,276238 ,25912 ,49040 ,653857 ,3558303 ,727865 ,62594 ,222128 ,549097 ,208586 ,160742 ,1368212 ,1141298 ,633700 ,860430 ,930328 ,111255 ,135029 ,865100 ,680356 ,609325 ,230828 ,1140166 ,1755678 ,409977 ,24186 ,116066 ,483553 ,541941 ,33374875 ,4227714 ,0 ,17023856 ,15186 ,0 ,0 ,196379 ,21463135 ,54838010 
70 ,4009 ,2500 ,0 ,950 ,2471 ,0 ,55790 ,20782 ,2197 ,2946 ,24120 ,885 ,2228 ,21574 ,24334 ,30253 ,36865 ,10873 ,3076 ,1233 ,1734 ,5950 ,50708 ,1762 ,7016 ,34688 ,52482 ,19608 ,8773 ,964 ,16988 ,17964 ,20025 ,15895 ,14688 ,16477 ,2483 ,5664 ,20054 ,13639 ,4520 ,146567 ,6061 ,3120 ,112590 ,54713 ,8223 ,719 ,11612 ,79162 ,141257 ,97448 ,505375 ,18077 ,1460600 ,36618 ,109444 ,5837 ,176750 ,17299 ,73038 ,42084 ,29452 ,5760 ,58695 ,93059 ,47465 ,0 ,2302 ,734531 ,248237 ,10804 ,109244 ,23346 ,865945 ,56976 ,273506 ,47652 ,24013 ,159403 ,6314 ,5721 ,6488187 ,1103981 ,0 ,0 ,0 ,0 ,0 ,1711068 ,2815049 ,9303236 
71 ,9 ,0 ,0 ,0 ,0 ,0 ,6 ,125 ,15 ,0 ,16 ,21 ,26 ,0 ,0 ,0 ,13 ,0 ,0 ,0 ,0 ,0 ,0 ,0 ,0 ,0 ,0 ,0 ,33 ,0 ,0 ,0 ,0 ,0 ,0 ,0 ,0 ,0 ,0 ,0 ,0 ,23 ,0 ,0 ,0 ,0 ,0 ,0 ,0 ,0 ,0 ,0 ,0 ,0 ,0 ,0 ,0 ,16 ,0 ,0 ,0 ,0 ,0 ,0 ,0 ,0 ,0 ,0 ,1 ,17 ,16017 ,0 ,0 ,0 ,0 ,0 ,0 ,0 ,0 ,19 ,0 ,0 ,16357 ,0 ,0 ,32562172 ,7011235 ,0 ,0 ,2858142 ,42431549 ,42447906 
72 ,15916 ,5342 ,2951 ,26220 ,10217 ,2046 ,5975 ,289544 ,125701 ,42393 ,266580 ,49645 ,11749 ,84022 ,62461 ,213950 ,168575 ,36757 ,11071 ,138553 ,12229 ,213915 ,81236 ,2868 ,21268 ,134300 ,295315 ,66623 ,100207 ,13416 ,313749 ,137268 ,62938 ,102281 ,21419 ,65307 ,26583 ,29151 ,144262 ,78826 ,44131 ,174845 ,28240 ,18190 ,491843 ,133919 ,32688 ,6666 ,29979 ,166701 ,692545 ,280805 ,4116696 ,95544 ,23709 ,3577 ,591477 ,248903 ,1107384 ,290701 ,210717 ,672094 ,334111 ,109259 ,2066812 ,2195951 ,470495 ,0 ,221189 ,92095 ,109368 ,225257 ,297351 ,280253 ,441714 ,403543 ,214912 ,134410 ,71831 ,221301 ,109990 ,30703 ,20984728 ,1076201 ,0 ,0 ,0 ,0 ,0 ,2618942 ,3695143 ,24679871 
73 ,12328 ,19073 ,335 ,19102 ,11380 ,2214 ,4742 ,176188 ,17161 ,8827 ,145167 ,32975 ,12176 ,63571 ,26088 ,489577 ,455957 ,281863 ,25915 ,18641 ,10829 ,106699 ,280343 ,36168 ,62361 ,157497 ,456459 ,167217 ,258408 ,34419 ,358857 ,637820 ,340204 ,311197 ,208003 ,1477103 ,117181 ,56721 ,582719 ,93512 ,120875 ,2278512 ,162568 ,42912 ,151766 ,256787 ,104788 ,5234 ,32731 ,160761 ,8036155 ,4955207 ,177907 ,9822 ,10276 ,886 ,16455 ,88217 ,292520 ,170321 ,94697 ,294001 ,142717 ,147922 ,69721 ,31941 ,9035 ,0 ,7549 ,35180 ,674150 ,247528 ,709650 ,166274 ,167731 ,265999 ,124162 ,5949 ,3606 ,4868 ,3675 ,20850 ,27878902 ,653964 ,0 ,164814 ,0 ,0 ,0 ,2003734 ,2822512 ,30701414 
74 ,3634 ,1232 ,216 ,24134 ,9010 ,1116 ,3850 ,162202 ,8696 ,42452 ,292344 ,34749 ,5670 ,63643 ,46056 ,246560 ,292134 ,73281 ,7000 ,1572 ,4116 ,48992 ,76316 ,779 ,37816 ,57802 ,622146 ,109162 ,150662 ,11248 ,245536 ,70848 ,15239 ,64929 ,10713 ,89997 ,15107 ,4731 ,77373 ,58740 ,12520 ,53707 ,144360 ,18786 ,536343 ,623902 ,169421 ,20978 ,45157 ,625719 ,267578 ,316997 ,5160370 ,810914 ,15207 ,60836 ,1702679 ,215472 ,2596931 ,86499 ,183007 ,1582082 ,98592 ,281830 ,2143506 ,2377088 ,440814 ,31910 ,298002 ,183859 ,180979 ,79984 ,694660 ,806732 ,1232957 ,578622 ,190863 ,162383 ,277252 ,608713 ,123903 ,76469 ,29210386 ,3016118 ,0 ,0 ,0 ,0 ,0 ,5157504 ,8173622 ,37384008 
75 ,32 ,48 ,2 ,61 ,49 ,75 ,225 ,5987 ,1430 ,18 ,4803 ,452 ,1420 ,1943 ,2253 ,646 ,1196 ,241 ,126 ,1483 ,377 ,1407 ,5255 ,959 ,294 ,2813 ,896 ,278 ,574 ,666 ,10372 ,5065 ,5644 ,4732 ,4556 ,858 ,1636 ,491 ,2816 ,665 ,2373 ,4454 ,3059 ,285 ,5991 ,4292 ,5006 ,2368 ,1372 ,4084 ,8420 ,9544 ,58499 ,12005 ,724 ,14080 ,6818 ,20426 ,295594 ,11264 ,178 ,4478 ,1988 ,550 ,37641 ,33795 ,15088 ,250 ,45028 ,917 ,5653 ,5105 ,6753 ,9981 ,0 ,8233 ,19885 ,7204 ,2527 ,8928 ,7242 ,8462 ,773388 ,886224 ,90826543 ,0 ,0 ,0 ,0 ,22508 ,91735275 ,92508663 
76 ,404 ,23 ,86 ,29 ,1478 ,122 ,61 ,11083 ,2889 ,1892 ,11357 ,2284 ,991 ,7341 ,4848 ,63829 ,21167 ,16037 ,2212 ,2235 ,853 ,8500 ,12222 ,537 ,3009 ,7472 ,27338 ,9693 ,11316 ,1201 ,18978 ,18651 ,8665 ,11903 ,15444 ,30035 ,4523 ,413 ,4035 ,1988 ,4549 ,40360 ,1523 ,854 ,82370 ,12641 ,1652 ,1506 ,3225 ,7497 ,12462 ,27651 ,425567 ,2369 ,1895 ,1087 ,23092 ,28491 ,17869 ,10365 ,5649 ,18771 ,2585 ,2553 ,98347 ,63268 ,14126 ,0 ,10782 ,1783 ,27211 ,24843 ,13127 ,19404 ,135440 ,50336 ,5921 ,13509 ,4681 ,4487 ,31043 ,14246 ,1616281 ,49810603 ,39789259 ,0 ,0 ,0 ,0 ,193047 ,89792909 ,91409190 
77 ,13690 ,68385 ,2918 ,19079 ,15762 ,1992 ,4415 ,67829 ,6354 ,2124 ,47437 ,4445 ,11455 ,18680 ,3938 ,10678 ,14775 ,10838 ,1956 ,14027 ,3024 ,18260 ,67080 ,7894 ,8248 ,27363 ,27846 ,7993 ,14609 ,6891 ,99755 ,57349 ,53130 ,57469 ,35960 ,33667 ,14811 ,1071 ,17643 ,12045 ,23696 ,75043 ,51575 ,8252 ,33977 ,14360 ,3747 ,2354 ,37966 ,27571 ,446578 ,227715 ,1255556 ,76026 ,11717 ,10780 ,49334 ,89232 ,52681 ,10097 ,2564 ,68782 ,15571 ,20010 ,193190 ,143357 ,37071 ,0 ,75701 ,9560 ,50317 ,52846 ,116334 ,173732 ,315738 ,325389 ,346231 ,90452 ,24019 ,25333 ,41630 ,40211 ,5589180 ,21041958 ,42713487 ,0 ,0 ,0 ,0 ,69305 ,63824750 ,69413930 
78 ,0 ,0 ,0 ,0 ,0 ,0 ,0 ,0 ,0 ,0 ,0 ,0 ,0 ,0 ,0 ,0 ,0 ,0 ,0 ,0 ,0 ,0 ,0 ,0 ,0 ,0 ,0 ,0 ,0 ,0 ,0 ,0 ,0 ,0 ,0 ,0 ,0 ,0 ,0 ,0 ,0 ,0 ,0 ,0 ,0 ,0 ,0 ,0 ,0 ,0 ,0 ,0 ,0 ,0 ,0 ,0 ,0 ,0 ,0 ,0 ,0 ,0 ,0 ,0 ,0 ,0 ,0 ,0 ,0 ,0 ,0 ,0 ,0 ,0 ,0 ,0 ,0 ,0 ,0 ,0 ,0 ,0 ,0 ,11280786 ,5673710 ,0 ,0 ,0 ,0 ,6864 ,16961360 ,16961360 
79 ,690 ,513 ,59 ,2313 ,1998 ,329 ,1199 ,6565 ,2052 ,650 ,12429 ,1233 ,1257 ,3667 ,16887 ,4819 ,10026 ,21230 ,976 ,2011 ,509 ,3826 ,8070 ,1035 ,2162 ,6251 ,9722 ,5385 ,7031 ,916 ,12672 ,12388 ,7939 ,5605 ,2280 ,15567 ,1642 ,1100 ,12791 ,1560 ,2662 ,22219 ,2560 ,906 ,16966 ,5574 ,831 ,942 ,1567 ,5587 ,6915 ,10058 ,220246 ,6327 ,3901 ,440 ,43534 ,20929 ,13384 ,183949 ,3103 ,39526 ,307283 ,434572 ,101195 ,38716 ,9226 ,0 ,15022 ,2253 ,74109 ,96926 ,46630 ,50693 ,68292 ,70952 ,13737 ,18222 ,306191 ,72316 ,59977 ,10487 ,2618279 ,2306398 ,1724329 ,455093 ,0 ,0 ,11943 ,404528 ,4902291 ,7520570 
80 ,3844 ,2744 ,319 ,6210 ,5360 ,903 ,3269 ,17825 ,5555 ,1740 ,33549 ,3334 ,3381 ,9952 ,11638 ,12935 ,27077 ,57128 ,2624 ,5449 ,1400 ,10456 ,21953 ,2855 ,5827 ,17015 ,27107 ,14554 ,18962 ,2523 ,34896 ,33981 ,21753 ,15429 ,6154 ,41914 ,4535 ,3068 ,34563 ,4264 ,7338 ,59888 ,6957 ,2489 ,46208 ,15021 ,2251 ,2524 ,4354 ,15107 ,18604 ,27053 ,592981 ,17063 ,10535 ,1178 ,117160 ,16646 ,34953 ,13714 ,8353 ,106346 ,18976 ,7014 ,234746 ,104147 ,24825 ,0 ,41220 ,6167 ,199744 ,21797 ,125677 ,136513 ,2567 ,196174 ,37080 ,40133 ,10942 ,236883 ,148515 ,28369 ,3286257 ,18557339 ,0 ,0 ,0 ,0 ,0 ,401184 ,18958523 ,22244780 
81 ,3771 ,2525 ,504 ,3831 ,1085 ,284 ,1797 ,22422 ,4318 ,689 ,20674 ,2139 ,2116 ,9964 ,2224 ,41300 ,37790 ,17092 ,2029 ,2639 ,1829 ,5007 ,10757 ,853 ,5229 ,35797 ,56561 ,29675 ,11484 ,4001 ,41452 ,24807 ,9287 ,19479 ,2863 ,20450 ,2300 ,588 ,5190 ,3067 ,2850 ,32718 ,2219 ,1722 ,29787 ,16033 ,4234 ,1227 ,2811 ,12508 ,27560 ,54346 ,342251 ,27405 ,8412 ,1011 ,91407 ,41320 ,13756 ,16785 ,15459 ,14455 ,4581 ,3810 ,81732 ,169120 ,27555 ,0 ,9457 ,9965 ,35566 ,33281 ,42466 ,32662 ,85296 ,458994 ,41469 ,58710 ,12988 ,23046 ,10658 ,7016 ,2378517 ,7657563 ,0 ,0 ,0 ,0 ,0 ,16687 ,7674250 ,10052767 
82 ,5833 ,51387 ,435 ,39159 ,9631 ,1987 ,4982 ,66036 ,8359 ,8824 ,57532 ,6662 ,4655 ,16090 ,15445 ,34220 ,64862 ,36565 ,3112 ,4205 ,3239 ,14696 ,43842 ,2393 ,12184 ,75758 ,67232 ,48162 ,36574 ,3436 ,99250 ,59107 ,41741 ,24509 ,5293 ,37425 ,4261 ,2216 ,22298 ,5206 ,9670 ,192019 ,7870 ,5882 ,128155 ,91167 ,8909 ,4188 ,48557 ,194480 ,181891 ,356527 ,1304851 ,1263384 ,18028 ,1865 ,249764 ,58031 ,215496 ,27022 ,17323 ,137751 ,18349 ,15032 ,367140 ,1043747 ,110309 ,5312 ,59553 ,237236 ,254095 ,50176 ,235691 ,237951 ,1610569 ,347625 ,1175416 ,144622 ,42749 ,80404 ,80577 ,43868 ,11732054 ,20686337 ,0 ,0 ,0 ,0 ,0 ,379936 ,21066273 ,32798327 
83 ,6771449 ,11770466 ,470089 ,3353906 ,714074 ,264869 ,1364147 ,53593787 ,4860269 ,1105733 ,31149083 ,3725360 ,2979894 ,12501132 ,4623267 ,14689859 ,42410224 ,24946764 ,2143600 ,5628203 ,1392559 ,13334140 ,29280057 ,5918692 ,4915579 ,14857162 ,84491259 ,26135776 ,11972733 ,4643231 ,51984729 ,36411219 ,31130541 ,39513724 ,18355333 ,53966962 ,9828104 ,3826558 ,35695915 ,9715271 ,10408639 ,97645858 ,30326467 ,4647866 ,27129988 ,17578224 ,3293229 ,1723520 ,2281388 ,7398215 ,67087451 ,47773292 ,88694217 ,25370164 ,8537680 ,3812890 ,14033563 ,46280157 ,23545312 ,3682183 ,3649809 ,10613778 ,4848526 ,2850322 ,24519193 ,22116287 ,6363319 ,14119373 ,13433632 ,3313315 ,14605594 ,11463324 ,10919438 ,11929377 ,20279652 ,23584607 ,28138736 ,8256402 ,3199559 ,9175529 ,5349501 ,14133854 ,1514549149 ,577985775 ,183108515 ,263885195 ,64085071 ,16991206 ,771839 ,631976463 ,1738804064 ,3253353213 
84 ,0 ,0 ,0 ,0 ,0 ,0 ,0 ,0 ,0 ,0 ,0 ,0 ,0 ,0 ,0 ,0 ,0 ,0 ,0 ,0 ,0 ,0 ,0 ,0 ,0 ,0 ,0 ,0 ,0 ,0 ,0 ,0 ,0 ,0 ,0 ,0 ,0 ,0 ,0 ,0 ,0 ,0 ,0 ,0 ,0 ,0 ,0 ,0 ,0 ,0 ,0 ,0 ,0 ,0 ,0 ,0 ,0 ,0 ,0 ,0 ,0 ,0 ,0 ,0 ,0 ,0 ,0 ,0 ,0 ,0 ,0 ,0 ,0 ,0 ,0 ,0 ,0 ,0 ,0 ,0 ,0 ,0 ,0 ,0 ,0 ,0 ,0 ,0 ,0 ,0 ,0 ,0 
85 ,-88 ,-80 ,-2021 ,-105 ,-20 ,-723 ,-2714 ,-69342 ,-11361 ,-487 ,-58393 ,-6398 ,-6397 ,-209430 ,-174 ,-49693 ,-87274 ,-79681 ,-35469 ,-24606 ,-3718 ,-106931 ,-464789 ,-16301 ,-29406 ,-79015 ,-339675 ,-168205 ,-155884 ,-23592 ,-921746 ,-216389 ,-160856 ,-170879 ,-73306 ,-69714 ,-75048 ,-1927 ,-58335 ,-22220 ,-5706 ,-193246 ,-130217 ,-15087 ,-27060 ,-47827 ,-5840 ,-474 ,-29392 ,-33298 ,-291314 ,-272958 ,-161176 ,-26847 ,-22459 ,-102 ,-24140 ,-55772 ,-6053 ,-46 ,-48 ,-2256 ,-118798 ,-375 ,-76 ,-1 ,-354 ,-2419 ,-5020 ,-1612 ,-4657 ,-559 ,-5268 ,-33198 ,-35877 ,-102029 ,-2839 ,-2093 ,-1353 ,-9721 ,-11018 ,-24402 ,-5515379 ,-1075434 ,0 ,-2351576 ,-501455 ,0 ,0 ,0 ,-3928465 ,-9443844 
86 ,6771361 ,11770386 ,468068 ,3353801 ,714054 ,264146 ,1361433 ,53524445 ,4848908 ,1105246 ,31090690 ,3718962 ,2973497 ,12291702 ,4623093 ,14640166 ,42322950 ,24867083 ,2108131 ,5603597 ,1388841 ,13227209 ,28815268 ,5902391 ,4886173 ,14778147 ,84151584 ,25967571 ,11816849 ,4619639 ,51062983 ,36194830 ,30969685 ,39342845 ,18282027 ,53897248 ,9753056 ,3824631 ,35637580 ,9693051 ,10402933 ,97452612 ,30196250 ,4632779 ,27102928 ,17530397 ,3287389 ,1723046 ,2251996 ,7364917 ,66796137 ,47500334 ,88533041 ,25343317 ,8515221 ,3812788 ,14009423 ,46224385 ,23539259 ,3682137 ,3649761 ,10611522 ,4729728 ,2849947 ,24519117 ,22116286 ,6362965 ,14116954 ,13428612 ,3311703 ,14600937 ,11462765 ,10914170 ,11896179 ,20243775 ,23482578 ,28135897 ,8254309 ,3198206 ,9165808 ,5338483 ,14109452 ,1509033770 ,576910341 ,183108515 ,261533619 ,63583616 ,16991206 ,771839 ,631976463 ,1734875599 ,3243909369 
